customer_id,user_name,phone,password_hash
C001,User_1,13848893998,0dccb56dbb6776398b640624df86bcbfb686d230e67865f03011984619f8894c
C002,User_2,13825549227,53ae3d56728c7ac5d7f2b075124fa236a865a8fac40a73565ee1ddf229579d94
C003,User_3,13823800371,ed95a38092f3f05d49cdbf01b7159f5cf8dcbf78367a7f1d1592b32955e4d9b0
C004,User_4,13814200773,6af52350df2e735dc3aad293882549930100b35d8c65048869934593c5085b90
C005,User_5,13893452029,70df9a2a46e782f6ad84a23623e9a6bd80bb8ca2e333c812213adccfbf176b23
C006,User_6,13892741602,84ef1f0a50bc45c6f0a5c9126576b69819cbdd73e9623e1c19795210a9a7480a
C007,User_7,13896123546,3283da621785b695053d90c89a028270d83c23aada4931e8983d855d89e61baf
C008,User_8,13885860601,94fcf3d86250b5fe3e763cc98d18289bccdda10e7634ef8cae4af7ae95ba3ebf
C009,User_9,13873512569,c7909b64c30a6a93e23777f0731a0eb70ddc376f8606941d4219f69819210335
C010,User_10,13862769467,a076120d58ae3ad0f575ad69796d0b8f7afb4c1073e2fd07abc0172b4c63ebb3
C011,User_11,13836718148,404200e0f003231548a13a93597427b429d3ae09c4573c9e1142967f04d8893c
C012,User_12,13842676435,95fbcdcde58827f0ee7bc0a1f4d36e5ce64a5f353e7b19304e20d8a2260c6da4
C013,User_13,13822725013,2fd13bdb578cd661e3026415e2ba552fe283f511fee8d5a13e29ce5a3422b2f1
C014,User_14,13865737500,e4317f03d884db54fe7c1902d805474e9d954b7c3e8f39fabc1dc93d3c1de187
C015,User_15,13845424838,37ef6f6a0a69cbb0b638aa04fc6a010ccc043295d3cdd2e47bb705a45ca76490
C016,User_16,13859074744,b36e6c153c5ba8d6a9763aa8e756b2dbc6436b1d97f36eaec948a9aba0399704
C017,User_17,13899509053,5b50c93daed13e46aec8638da917fcbe188c5164fc654eda7c44a40893b2152a
C018,User_18,13865706381,5f72a594762971959b8af94190ae98138f9efe033fb0fa4cc492e0d6bcf0d0d6
C019,User_19,13869766196,c6010bbf6bdd59d2c4c6b8d77e8bedc5ebb344199a4c28b5ffeb8fd95a7b95a5
C020,User_20,13807223594,af35340bef9a86436cc8e161140f58baa0bef7abddf21187ceb7bf4dfaa5a7f3
C021,User_21,13894200425,583c9d2f37d8f6b284ccee98c13f5306aee6feb5b2705353c005149dcaa8d97f
C022,User_22,13840997106,704b920d3c6368cec9fa76d1b52e05a07cace0cfebf3986cbe927b886bf76afb
C023,User_23,13836357198,96cb86ba719e84e1b6a184c71d6fc1f596ba7f998d720701a2608a15311d7216
C024,User_24,13801654181,e73a19fedf611d7ae7f88f1c386b0f39946043d1e5c33cb1ffb2c1e51e63d4d6
C025,User_25,13850690295,f73bee8b55d2417ee2ca85e4edbf4a4c5a787718c1efb0e981f9edc5171117f9
C026,User_26,13810560935,825e86c259bfbebc35c5682d0abbfdb8ff7278975ab29e88df06e59a2eb9c7e7
C027,User_27,13876237030,51ef728457eafa675d9f577961306ceefa7b89a3f986e0ab8dbdc805bdc77fdd
C028,User_28,13813817363,bb41221333aed7e3faa41bd89a016d4a839e3e4d86c21f41b9c57429242799e2
C029,User_29,13846989430,6b06059f62bdd403c94ebd0e9e27a3ea662c71762c4e514713e38fd17f0670cd
C030,User_30,13886085801,7ff0229df66cb3a956c49e948087afbae0aaaae2d81c6b60bab0c5734020e290
C031,User_31,13818149682,60bda2095927708af3d3bc18be8e7e8e7524a4af3d81681d8080d165e5877f1f
C032,User_32,13827658102,ce2132a4419cf6d38fa1b1eba38ace50dc8344f6fc305ab80a2bd682dd406b89
C033,User_33,13822606904,fdc19389a1a657b2d75268264851ca8519d4e66d41fdcbac3158dc40c69a742b
C034,User_34,13861783758,36a2a9c7b88155ce8ace7f1fcf271452ead3ceef2ed2f143c27ea46b2953202a
C035,User_35,13832314428,7aad130aa85938602cd22848025e72019d674d28df7418761f4becbce1f477b7
C036,User_36,13816992937,fad00ac4012b728d1ddfe26de897f990c27bdc16d52628ce86595d532215d53a
C037,User_37,13886945597,64f71900047150d559cf9c53bc7565ef864e17904992e19188f6bf16a49fcf1f
C038,User_38,13896838672,cb7bb5c02ec370a2550a75d0eea59d262caacdff047f215f62e694dc584cc270
C039,User_39,13899562800,ead5c2e02f401a9d99bcd5b6baefa771d5515486143efbf7049aaa5d8b5b9a93
C040,User_40,13850380040,58f7e166914e5db5763066a9e69b65b4a512b885fb8f776ae3c3a3f3b134008f
C041,User_41,13842207764,907f2ba5d2745f41f142559b64a42232f823b45dcb5edbb1c4663a45d67cb1d4
C042,User_42,13816360242,792a385ae8a8c4358947240376d0b3d5a9055c149d943067be3e97e6537b3bcd
C043,User_43,13869209885,bcd54eee23b32638cec235d698435f35225e77de59778a8938eea518b28e21c5
C044,User_44,13895064460,9c5f93c4d62067a8abe337d55f4e159b3ff980ea03c474298cb5b6f0aedbbfae
C045,User_45,13836490097,7b5f24e189c19d7fb144451a7c4a6a2819f04faefe92a4a681ed8a9a9643e60c
C046,User_46,13852467560,efd0f226b434e712c009bd609f2a56318b91d80fca3d85c1cef3f343a57ae64e
C047,User_47,13812172372,cc7e228a65fb81fa553993b9e996c71162feed08cdac10ba99c7bdc8a5467049
C048,User_48,13857165854,1c11ef638317128ddda003720204e4decb9197cbb1371befeedb68b130cc4929
C049,User_49,13844614463,cefdf9e2b95d6346effe7d3bc49b2ed5e5f4f320559fd0b80a2193bf237030c4
C050,User_50,13825679188,7717d2c4bd0d8b61db708e36fc841ef1ed856776c5c378726128114b4faea914
C051,User_51,13849744711,70aa91085ad3b1cf121d779ff863f7c233fee10bab4cc3e4e8735fa9f8c576ef
C052,User_52,13886238998,c1c2ee577c7f39191c9116d430668918ace10a9c30047d53b43306a837e5802e
C053,User_53,13856012852,9c4bc7abfec051a98ecdfe4d3ac702dc31f412bd0b04b7f2a4c2138adf177ace
C054,User_54,13852575365,05cc6d8dbfd5faa0e0a97c85c74854f15e32f6cca0783a823a6b4ff4e5430ac8
C055,User_55,13893682384,becd9d54f68f76cc625d449b511f295b1e591e6835cf12483c46faf87e42521f
C056,User_56,13875056015,88cdc97b897db38190353aadf0aa35571f9fb3d02eb56ec45ba3a4192830a731
C057,User_57,13875057015,069b27e9c923be990d86933bcd5a4c572af9a29ddb2a66acb0999a49dc5081fe
C058,User_58,13878048997,6df431d507b0719143fe57e80005b5aca7228a21b0abcf79fdfff18b6f14f8f7
C059,User_59,13817380548,a13b880ded108e32e054f39cccc8071bf48547ed3d42ede0a5ba64f2f2231d26
C060,User_60,13883121071,ca2263855ee0ba4b7bb86f8297ded6f2f0f929eb6672279cf8bc9a82beb66988
C061,User_61,13880411092,11e80e84aa9777dd7fff69eec309c00f6e768f44c7a5313cbda0e4af03c1c17b
C062,User_62,13888618658,b652bdbc5d7ef679b2fff6112c71cc08b928973058bbad7900449da5d2328c67
C063,User_63,13818393358,415a4bf01fb46c13337f512443dc6691bf55866bd6426fdbe1d82e03a0ca7a97
C064,User_64,13878765059,f2c4a0b0c91f483f1eadeaacc0d0f9487165320f063d7248f12dfb6d33a75b20
C065,User_65,13804584231,e44ea9f2a47af80329b3a51a20b051114fe9a996509264a738d3dac4f62e95bb
C066,User_66,13840082098,49195310f5d9d30ced1f5b7f3b50f8bc2061d52b0132eb60120f9f70e808cb59
C067,User_67,13882793780,e7b766e7d53d833575138a77622429d8023f98a7c43e41e5a57a2d9e048c5161
C068,User_68,13841285940,45c99dfec1b97e4660709d9ee72ecabb58c423ae59bb2c5bab49a64e40daddff
C069,User_69,13867443295,4b73a220a6ca4691d8c1cef8f9ebad8f18c908e293bf3a50d6e5541581e32c90
C070,User_70,13880743412,ba4e589f3aeddc1f0503bc12a0990fa4825758f5d27d4792320f696b23f36e57
C071,User_71,13838504172,e01184df72b5e94bad06bf981ab49042f9cecc3ac204e9633af60c0e4f7e9be5
C072,User_72,13800261857,72af815e7f5a9bb3c24b59ecad73b2130d9cc3bfdd67d403adcc52301360ee6d
C073,User_73,13881336087,f2f6f576c2f4997d07c3e7e6280a7737b856a11df699135ab2c8f0d4b23d92a3
C074,User_74,13899817040,525c3a5570b9928626ef3c91ea32b1bd5fe1d03d0e6fb9904772b16c520ee3d5
C075,User_75,13889289046,56bf0d611e911abcb619f6c3cbb56014c9e34e77e6fd0ec44cbe82933395d889
C076,User_76,13848063767,6d8d315344d2086428a2374fb8dd03076df9c57d55c03d7af33e95ee635cecca
C077,User_77,13834297305,ad1f87b244af92139806fe88f5347f4843e9dbd16a3cc4aff636a0091d75eb4e
C078,User_78,13846062898,406b28c77a33468cdc993924fc7eccc4dbff4b30b16d5e5dfd9644a9323ce258
C079,User_79,13859004761,d528beff8e3182f4cffe04ec4a5c741e02e43f2381e32c203f3d4425bd156acc
C080,User_80,13876682837,48bb8890edaa4d379bed769b470f6bea451baf6e8a1654432a30d8c586f97f5c
C081,User_81,13841498564,f5936297d6bec33f7428fff25d3318f18e0fce10ac4f864dd26e30b1ad32d8b5
C082,User_82,13849448695,a805da8d767ca3050c581fa745d3087c0b37d797b003958142ec33b2af91ad6d
C083,User_83,13835434599,721a78323374c60b96b31193bed91c492c2490e090a4905cbc70d3029e0afd8a
C084,User_84,13899653310,e320b16ee3538df21c757a16697ac0f7fc08d821285611ef3ca2a52d8ca4fdb4
C085,User_85,13815530806,4497de69f883145b58e72245edacf55a45e63561d65c589c93ddfa421e370bcf
C086,User_86,13851825279,96e1c0cf2e5be06625c7bb33be920bedc3e365c818cf5ae7f0d14956f88bab07
C087,User_87,13826690774,f7e7fe3782b77494fc4710ea9e8cb21f1f501c057933aa86a107fe01e232bebf
C088,User_88,13835979582,924a57228dc3efbcae62bf10700475b91acb9115045a2e9351b0876893c1f8d4
C089,User_89,13857715857,51f8e2dfbe1833681812f3357e1b9b63d2640278bf9386c982ec4dceedcfe0cf
C090,User_90,13845819994,d1d72ac6e4c7c2fa4e5e9a4b0a5d44c3dc153eb0244d9a6e00c1b8d1693ee8f4
C091,User_91,13807271539,dd3598e96b34bcb1ef77008bff6c0f6a8de3c9999d5d7b4f72dcdb649c859b6b
C092,User_92,13844583483,48e4dc0c1a4301d32af7f7028057004199213c40507e7c2c4ef33f44014fa57b
C093,User_93,13870347239,7450cf1e04a74d92d4ba15ab5f7c7393893758efe3c84baf290f2a958c5000e6
C094,User_94,13824025262,bdfa464178eb5ef4d7e288089d27a744c811f73f7319cbe35085a0773b18538f
C095,User_95,13822645731,59153de6c59172491f26ed764863f247757929683349be7e4f207db8e9f571f3
C096,User_96,13862976549,7ad8f40d3721069bf29747f622d82435819677c8509753d7ac26605fbff84b55
C097,User_97,13826689382,44aea4a89226bfcc76e0d99fe200057afb685f0d896d794f49442913b5670ab9
C098,User_98,13834783920,c9cd2c2133a9812704e7bb236bc2754cb3b53ad83d0e1255faab6615993ac6d3
C099,User_99,13862100509,2cbc1b06a9914195138f3046d8979a83c5720c6f0d538feb1d7cfcea9138e57f
C100,User_100,13828875048,92fbe5f188e761ea43fa131144cf19f2eb40b0eae5629d58a67528ca80f29f7c
C101,User_101,13833290246,f9103a627a972c837717db43c7374e4412d2216f7fd49ad69fe7e480fc71aaf9
C102,User_102,13883593615,fb5fa5933696dc74b93531379d5db41d69e7ba66e9bb20fee100a74ad57420a3
C103,User_103,13888652748,28f75c773b95daa9814600b251a622e2ca1ee5ca079b8d9faa6fbebd0c8d58fb
C104,User_104,13835192409,e92b1fea5deea51836c9941b917d43251a284e6ed219a51e67404c6ce282f1d0
C105,User_105,13821768725,e3d156f4604cfae5bf30b73f8dcc6b298db8f392c5e4b65b3ed6e858e04c6de3
C106,User_106,13891303101,b47942bd2764e141d153ba883380f2dca8dcd906e93b85ab79dc73ff47dd3493
C107,User_107,13816492715,e52656aa46001d2eaa02071e51854f13a953a5e0021f1548dc0eb1720826d28a
C108,User_108,13854233625,d8e2c7dafb95e3d22894d280c78d41198ac826b96f74a9d3f5cc0404ab58b25e
C109,User_109,13893386868,934e3f9216c5a646d91f654ff6b5d535d5410b61e4b132cb4b4326d8f208d1a0
C110,User_110,13806641742,8170aac24b0d70c95eecf360eab0257978bb4f4a21e0d02de02c6e5a28801c22
C111,User_111,13809894093,9d51793920793f7b36441d2697a8b70a6c5d3f4f2ca20814d40e1db971eb3b86
C112,User_112,13812200615,75251346a6a61a2e587d404cd0c9df6a14427992ebfca6e90e6a283df32ea36e
C113,User_113,13808908860,96a8c1bf453b80b67ad73c276e81da65b9ac7500e90fac8d1ac93d9bd284e843
C114,User_114,13883292383,987482d648cf862c05d760868f3262bf6f2a0df111424810726e660c085f21af
C115,User_115,13822851606,16d9571d411e64c20e7eb1f6bddb134455e9ddcf845036665d23beb44ca0689c
C116,User_116,13879234331,676b6d4a35539f6fc6faa3b3834c236d79f3d1772ed3964f5279494b91e6ee29
C117,User_117,13821753276,d835b77349aa21942c33c9a6bb358adf2eb780463a53a9456373338343eee17b
C118,User_118,13800935325,998136cdcd9bb655d6254f18858079ce1b7dc1c5501aa77f1c44eab0bd96cd53
C119,User_119,13887487760,bf6357355c2f22d5f48e9fbee098ea25c030ed2379ee094455ac216631c1d824
C120,User_120,13873767185,1398887fe7f0a2b5985796b9f0d4e32f4284341027844b7aed4d1a99d1c09e70
C121,User_121,13839205462,f503494afc7aa62a5c724f8f58a3ee50c665dad44defe6f5048ed9c9e1fe0970
C122,User_122,13844723149,5d9e7a7748da5d8a9debab71b5ba89f3722c62f1a79ba902d243e4dd2064f02a
C123,User_123,13819304598,f5f85f740be721a294a55963fe40771f5cea30503697b3d8099d1846ed3a1e5e
C124,User_124,13836843046,fa6a3cc997ae42790a2ffe8051c596dfe9e1c52f6ec2b25e2ad9e357e56e6c16
C125,User_125,13826219679,ade8de8180b637f11a47d7c23fc862a38a6a638c29a381cf933f4d69b38d73fb
C126,User_126,13802812240,076ddfa91df01be36300dd7c9c1359d33fd0fcca87db6596e299777160f664c0
C127,User_127,13817048032,998b60f668913e5a9a30dd61eb82078dcae45974934d02221dbe56619fe08dea
C128,User_128,13887912247,0331ac991058f491fd0f155eefc577284666a8427960a380e7d073100f788806
C129,User_129,13872683129,323b46087bbb91e6475bff5dcadacccab8baf85cf87091ba227a93f9ab20ecdd
C130,User_130,13841019856,90043a618d9d0848978912644af121a3c11c90a2adf1a73891967945b6224645
C131,User_131,13819144180,835d4b3e9a875c8e26bb7bcd169866ebd80c735a5c589b3915eddb418ee9fe4c
C132,User_132,13823998444,13bbcc906909fe1b2142d72fc54151eda2fcd5cb30af2a0a4f2ae48a348d8cef
C133,User_133,13802982829,b8041ed8c862478f19c5c17fd50e602940f23ef99dad1ee8db0d694fdcf8c482
C134,User_134,13890668550,ef0adaa298958fdf72b9191deefef41704bd07cbd6344d5febb5ef44faef3bc1
C135,User_135,13872947795,ea37586677ef0223337784099b01dc5e910d6651554885aa409a8495e97540d4
C136,User_136,13887772912,3ac6950682f4039a01ce7c88657e0d31a2c989eed6218d8228afaf3f934f309b
C137,User_137,13852242668,01974e8868899e6ddfc08202a36f4a2380d88da68bb68519f546eb6f5b8f3803
C138,User_138,13809545030,c923f156e62b13dbe9cc5fe6b95d646752f2edf59f2aa7afc167573e3eb3c9b6
C139,User_139,13853050554,9a5d618d03995e4a46f9b67a1bb8a9d6be506a600692fef5f8aedefee1c9b09c
C140,User_140,13886328677,404e5b330fc5898643522d0f2273bd084d0fc58b0ad6de08c70f19a2a45fec51
C141,User_141,13873929404,d46aeee7e5da5690800cbd31af016b21c657659941173cf6c1f02c1d69a45568
C142,User_142,13883478189,7ab2c9905451c6809f57d285cd5a9a3cd003c38064f476fa8864e1726c117163
C143,User_143,13882161396,53122ea39172800ffd86f04e98715510808d888516e8d07629ed05c56e97e458
C144,User_144,13819000800,d05bd718164319e81aa0998142221068b38b98f51c12e8ec185b7a8b06f08baa
C145,User_145,13801706493,aa33cbe4e207732967409645f7b9549d8a8501f8f012949df6b7155c70cb5a6a
C146,User_146,13823497990,796d3ce57ecf5b9c303e8252bbec37df7a04eb24d6f2f35c825baa58134d203c
C147,User_147,13833764052,d305addf61575118fc97745eed756beef4847da93e267caed7e92ffd28cadf48
C148,User_148,13866678621,d30a2f5753c13b92ce102ee0c2bb6dc3dbd97280989fb37759c6881fe8e7883e
C149,User_149,13822660471,4d3fbfdaf078a1d933038a630a78aa1dc9f2b59a5191b3ac973f586b873f6f6c
C150,User_150,13812515098,4aae84bdc17d5752d0f97c14d544f4e0e36a28dc3367b8e2ddc3371509fc558e
C151,User_151,13889375310,ddc45e296eae42e56c0548e8012b056f79d270a9f22134c82fd6e142c5bb7030
C152,User_152,13812117330,73782d6dd48248b0df85c4dfaa6d4fcc03c90a1d437a6b4e60fe475c899dce37
C153,User_153,13856253201,b6f94fbf2c3ce54eaf2dc270c1c97db8652776102d233eaa6bf96dd1f4b16ebc
C154,User_154,13873088367,444ffbdeda6e645ffbcd9ff57429b1f16cbd46462ff909ace9dc5ac7cf517758
C155,User_155,13828233135,b5232156637970bfed6d0312bae1db238df34bd00f1282efffda951b000f986c
C156,User_156,13885265065,11a79b3c856359e3c56243108e57b9ef1b06fc78900585232dfde820d16ab273
C157,User_157,13858910723,d8b6316b8d40e449e50487bafdcb898893ebcbea6b518e332d2da2b8c0e204a5
C158,User_158,13810701267,d38dbbba9f1ff6317fc4028d5d7f30f9c8557f829411a3ce402b9bb7dbc626d5
C159,User_159,13865512008,c233abb50ff275e5edb3d5d8b1a534e4b5da7fe02251399fecfd1d0b7abacce7
C160,User_160,13852026629,91270abc6d54cc32cd04a5a4a7ea8bcdf202706aec8a46a3455f0858ef152801
C161,User_161,13893306251,5bb1ad7ae479e5dc8ca2f422a0a9d7cbb05d24897745744e1be389680b9b11f5
C162,User_162,13859781267,597132519d545570fefefa17718016c9ed945285f98da01d781db5c7352809b6
C163,User_163,13863232775,782382a3470d8bff0e3c1572130602ad7f69647aaa02cbf5b1d6b150d7593c59
C164,User_164,13844527975,9a0abb6d89ca3b7b10ec5ddf1064405cc803d0aea119eb7e0120e3c9b1b40f3a
C165,User_165,13854953270,5e3170c3f90ea9032e847ccbb05acb1bccd3b752c66cc1aecb66a638d4e75f09
C166,User_166,13894006469,cab3babb94b0fa028cc20a57dcfab727b6e5b8bde47124c7dae76492aef685a7
C167,User_167,13836779447,3b57e38b11f50b3ff450799c1d6c67a3006d01028fb21391305fcf6b589b8586
C168,User_168,13804181241,7dd434978c5ff46c21dae2c13418fed5db7f29b3e6376841a2a8969fc7e38a09
C169,User_169,13841454387,ed61cc1c053bfe4f90046dcd7d5b2860186d70a60a376666dc118597e52bb987
C170,User_170,13803457638,3f7cf205a91111679f4979e94a4b043e0968b6f0eb8ad7f38d100fa82614f117
C171,User_171,13857342760,6fe3734750d9e0db6d3d991c6e7c42249d1aec96a3a56ad5a984cf23a965334a
C172,User_172,13894064737,ca3e8c824e20dea6630841a3c9c101c915c220e9e326305299b4316ce0673a8e
C173,User_173,13876924641,413051efa699b4b0704ff91fc327872373493b4bf0904eaa4e58a3a9e6ad6a32
C174,User_174,13814223602,95995651418299235677ebac82579eecf4aa7403f5fa5173dc1a52d8bfb47574
C175,User_175,13860923050,8e713332cdcf8c5ff455647acd69ce74d570911cd6f3a625cf461877837eb553
C176,User_176,13889806938,8dae3f532cd4bee0e9bb9f791331f2607e63973a9aa00c84eb4045e5d6e17f34
C177,User_177,13839632881,803e67788e272967105ba0b084f1b9110243e9fb2790232b10dbb0342569d4f2
C178,User_178,13845843349,fc8118829b5ed995fd96730ce2b3fe836a169dfb231b32ebb6110c7c1ea56131
C179,User_179,13897380302,29acc1bfb05f5930c92a4e6f211368f3018f3a7784e668a4cf926309b90c4f35
C180,User_180,13852653954,7284f47f7781cacd764df357925053add503acbea8a572c349a8d9596fb88b48
C181,User_181,13883048380,d498b5e706291d86cb1c33f2c366fdf7890c58fccbee6a6e44f86b3acae71a52
C182,User_182,13822213839,5fee96ac60c0c8ff593ab77f02d916a201f446ea738ee29dfef65c1ffd6cf679
C183,User_183,13834801058,da31c7f71747c4b4a75e8740f81bf2e4f2e7e6ef8bf3684553a7ee0db2486cbb
C184,User_184,13884311203,b2b4a6e4e8feec815de669e85503c95d6a0f690a03735faf047a55c02727eb56
C185,User_185,13805267874,8e82a66bcc888711174ed6c090740c343b9087dd5e3c240fea285a98e10017c1
C186,User_186,13845027581,2a60917d27993776e1b23145c43b124db1a98bca54341d0c2bd003fe2aad02e9
C187,User_187,13859974076,8a2115a69bbe30e786ad2f003467f5c7f2fcb03417d22011c8de4cd72a202841
C188,User_188,13882181600,87b240aa56547d69fb9dfcecc82be949d59ce7d5f7d590a8715f0bfd7d072b10
C189,User_189,13855228109,d572c8b9087336a3ef2d13bd22faa81c118d85a623e81e8044a81cba4a191122
C190,User_190,13899345743,8bbdfd79b4c0ac844793c6a6cade02c5e1331a91d9ad1c156a7df36da343105a
C191,User_191,13856500707,63b2fac53951b8dbabc99ad4ac979c55658ba5513cf9a8c05afe8712b3b39552
C192,User_192,13837721668,7a3f19c54de01f1e5262e9f90f026c87d6e5a43cd2fff947044bb68bf3e7559d
C193,User_193,13892214516,875c34bd24b5c931b9f3c9f6393277b6ff30033d2089ab84b1be265a3e2cfefb
C194,User_194,13858676448,e73631a1fdc4c24996dbd16749e62a1ede5c73df273f584d4a4cc4529d18ac48
C195,User_195,13804324114,d5b9d4702e1899fd28ded1de83596bdafbf2de9f35d548764f207287737201f9
C196,User_196,13861665203,b138d5b07a647a88306d0cfae9ec7c363493787c743ee0b3a0cc5bb0f5e1e74d
C197,User_197,13816465331,047ddcf85c6f4d6cad4bd91031015b2c1e4b48bd9117838d23b27893e5f12c73
C198,User_198,13852266186,b17fbf12d3da98d33699ad9dc9b9e8ee86e243c1c6fb61611916d2d85895b90a
C199,User_199,13836731117,994e4195498e71883acfcdb93491715f36ff2edbc43bb6f089c86d9a7328d74e
C200,User_200,13827302561,6107197f0514fa87c91ab0a3136abd753e40b2c94fc6416abba20025d632df21
C201,User_201,13892464862,4c2f29e62ff81394f529125d40d4ee17a5153a6e454413b1182d160209de66d1
C202,User_202,13860019994,954d7bbf710d37b6e5bdcc8832999f203a8e277598eedf5e20f45ef2e2e60927
C203,User_203,13805048407,22c926d1f0b6c01dfeea3e6c081ee50d532ef44975355c13218914335c76456d
C204,User_204,13883332905,85f1cc869260a39b53c657a5100ff6eaeb29de1624b02849fe91865ee50560f3
C205,User_205,13830325626,f7e419a4a8ed2b6d65dc89b60e998378fc68c024673c6aac9b948e7d9775a7d2
C206,User_206,13876061816,878f71fda396b37ed56d22986e8a829c108f34f53c25e90f5445761df1c7eae6
C207,User_207,13866153595,c91241def5e914f0bd9a5562f459d00314ec85370802704df122f587102f8d4d
C208,User_208,13838618742,ab41a68f9faa5bf11ca44f2f752a21ed3da1285724bf457556c73a8eee74997e
C209,User_209,13803352461,00d48514f2071e3cc8a8d83e62a802b4c4dd27bf25c50573a548fb04efc38f24
C210,User_210,13825491052,f261f953cacb883f7bf2cbefaf0e5b25f23c0124b631ada065c8dd2b104af15b
C211,User_211,13848767888,c49233fba762d06f9b43e9b5f52812120ebdb885e32fd62cae66f34ccf5d15ed
C212,User_212,13813172846,bcb515ede9540394315c33f695104ff735f9af5f6e3682673f1689a2c16c9ead
C213,User_213,13837094889,d76825a5da23de54335a1eb19196a7a6c992a35d7f013e90295db1f538c18a21
C214,User_214,13811924434,4f43a79079d09b41fbdbda6518ff6128a08668541e64ff168643dad862b33d8f
C215,User_215,13852392887,475df7d23b618204a6c29bf93d36278228b24edfbb1df279d6bf211f8990fb1c
C216,User_216,13869471441,65bf8258bc934aaceff2ecccf46b4986d9119d11c5dcfe17a9a7fe029c521658
C217,User_217,13843107519,cf615586b5f81ffa8d584c60e7e829073076a0254337ac3786821065397ab296
C218,User_218,13872872837,428a4e8542834c96e13a8fb5c83981025da60f2492c87a382ebedfbe6f65e120
C219,User_219,13865924091,e98c833b666198c715e01cf071b03479fe8e188b11bb5e3dc782d3e43f1c367c
C220,User_220,13806360870,c114324befffeb55bb7d33aa1a196f25d48c287586f75eda64cedd22ca42a8ea
C221,User_221,13828919332,e468abb26839ea2b1ea09826e0556a579185736fd4dede590cf7f355dcdfe0e1
C222,User_222,13841803256,019ef48a1cb0299e3aedb56a1f5e5d1f8cd484b92eb286cb68522b3b2f154e3a
C223,User_223,13863438669,eb94e225a611d115aeaacd59e6b6f1d9292ddeffd6705fc10e2b813120effa99
C224,User_224,13846405795,9437e7cb1f7079a818d7e9e134df153b67a19016672f6d8081168e3eec5cebd1
C225,User_225,13899619700,2751026cec476b610d0dc473d7d56c8b7d9d44e32a5ae6f29a5582f8ef46e1b4
C226,User_226,13816619698,55efb796af9656acd95ba4dc6490b4c2a31532a4fe79f1b62b351c3fc602b9fb
C227,User_227,13839844169,9ba42c13141d82b5d4694859d721992a1906d24860bc5e44d53118803b47ccc0
C228,User_228,13838801834,66281296851f539404460e74b3a9e7a1ff4036012d47a2b29f68d01500ab26a5
C229,User_229,13828354377,f3ac161dbf96cfd46bb0ec021722cbf48eea61691a35ca5795b3da68ff38b72c
C230,User_230,13820700789,9dcb77e295bd64e2376822539b43cfdad7c9abc5db252302e772251cdd8dd96c
C231,User_231,13890495155,9cee89e20feabaada58a06568c507088a24e99c30006e49cbb21e6c53e82fc5c
C232,User_232,13880691259,288f789cee4e32a79bb8bf70601cc4f652b07ca8d69c9bbe5d986eaee6d8f8e3
C233,User_233,13811931714,50b99c2c95544f5e05f6bad54df5c68361f48794c317967b59c4ab384c343cde
C234,User_234,13875873296,092b4dd649458c5e1de0c3304e0cd473df286c421175b4987b9ee8362323f781
C235,User_235,13847707632,fae556b2824eab44f990dd0a2c2185223c4a81e1f70250bcbf23abeb1b3d40e9
C236,User_236,13868031742,36f1a28bdc32d25f56441b2037053d008df72fb54607047acbf51157af53a82d
C237,User_237,13854433473,946d554015ce3e3b592a837569d7e5b7a65594ff3782e7fda1634303facefc5d
C238,User_238,13817821005,37f57f00b2437a0b0cae687bfd2d5f88b3cf17fb29397e804e51d3bc4acb0dec
C239,User_239,13855976772,0831c9973fd161be99662f1413f13110ee5c79d3bf472c7510da1c8619d6df09
C240,User_240,13896974806,fd93b8786e5b02e19f5afff4f0580a98d0f03784da85f49cd7f6022357582995
C241,User_241,13846611797,0dd5c357bcaa401a2098833de4c3983ca19c97491a482f743564b191d6568089
C242,User_242,13810624200,56cdac5d31ce3ea621f4dd3b2b114858a101a627e53e77f805049bbf038296d0
C243,User_243,13891417679,17b40cfcd01e33ae2333414aa94ee86507cff9befd7f706f7386bb5142422757
C244,User_244,13826561083,778da072f48bc56f28eaed840dc8833793e815847afc03bc88f13f9be1c8b2c9
C245,User_245,13856609512,f2b9b6a291388f58f0e02688c4350345d7a74b91c892c8a06008375524e7c258
C246,User_246,13811611934,9620746a2066d8fdad8a182d2225d56c15519adf8bdb03aa769220bfdec33497
C247,User_247,13800498047,e9c7bced19e54d5a3c1c265f4e967f8b29a5e734dd633185b74c3cbada886712
C248,User_248,13826321719,968b8d01e77f42ff2ffb48d5cb5110689d6a7f150b1de688b331e81bc65da56d
C249,User_249,13892290414,242ec61b68b4f340be81ef48c6abbd478c4ab7863258539acc86c8817e3d7ee4
C250,User_250,13872546924,13cd6d49f0554876e860dc9d41a6efe8893cf71ce6603d6263cf4a2d2a15bdae
C251,User_251,13811912916,01ae9af4575fe3914bb143b4b2d55b610c2f787c6b35a7d3e36d551e23906ca1
C252,User_252,13894266491,c4e7fd0b92eb81ac92c7c449858daa826ef0b49c6b03e7ebb9723b9e8a4b6e05
C253,User_253,13819670756,6e93876e0bcc51d254870e33a1940577bd0d5423fc513419218751bc3ab60bd6
C254,User_254,13828465401,5875f32d33d2e9582f3fc3b1e0cc3f97486cd0bfc13e24cf8e21edd053ad0366
C255,User_255,13846121877,99ed87d5623f8ff11ca192cb097e94101b2c6164f3e614af9a772ed78e69df5c
C256,User_256,13821184539,9a7533bae7c20dcbf88781678d125e0b529d6fc8922e620e681145fe2ff25a14
C257,User_257,13849472620,25d1a03ce4d8988e055cb91c91978b8576379291ac1351ec1ac99b8c81c77357
C258,User_258,13885827252,7319ebfe423a7c88122564ea07cb2e45a5f846c55f1f07acbe63f8778a5424f5
C259,User_259,13830419631,daa134f2574face93eb94721072202577d65f083314b5d96d0873edd4f0322b4
C260,User_260,13816234889,c6f45bfc9e5c447b3858b5ba3d744a991a69b5019cba704f1235f42c0e51f1fc
C261,User_261,13877461289,b966f791181e807be2f3ad4155e8f78ab8580f44e16e2612a09fae7581b27ca3
C262,User_262,13858561329,79f906abe0a8f0a4a699738f6d4e10a32ea12184816c95a111105b6272c56e69
C263,User_263,13893451668,136746ae65fb24b36645031ae997f4c2a5e3ca13a97b01ee8f41c18e93367dba
C264,User_264,13894977773,194611c373110121e8da1c91ab3107b2311415f60781a2bfc88d66204239fb2a
C265,User_265,13875026963,d65b79a30ddf85c0d6cb2a67e8cc4221ccd0d21b13e7896481859b7358b7d4a0
C266,User_266,13837757334,e199fe3d27c41551a7bb4ee57a6e963214ebc7a5455b1bbb667172d203f4e457
C267,User_267,13894858945,9762355004aed28d2b21b0f4ae9b52713c36308e40671fe63dc8c1e13984e602
C268,User_268,13869267789,a0315691098dd7bf8a1b4bf7821782c9995f3581b93a8f06f7f67de4471f8406
C269,User_269,13880231804,dc11e5a920aa8a82717b3d5c5ae52b09e6c403e58db448f1c654e0fa44a2904a
C270,User_270,13848314222,cd82571ae36cb84a254002d377cc619b571230b1d36aec12ed494fc1e8885459
C271,User_271,13898879262,294cbbe3b55a6b980dc4208de2d39591aba081739703bf1cded1e534c51dc038
C272,User_272,13805857172,6b228e9dc0e3c077914c1942db5aa5b671c9b1cdd9ba0d4fb52ddbb372c47a49
C273,User_273,13898833870,c20f30a2a2817cf5ce14337b78bc5939c09a420f9879e6af9dda00ac41e8d187
C274,User_274,13848566155,be27bb65a5f9c118e9150112ab3e186c1f6da1ea750b87fdf9cd3a5d6ebaac4a
C275,User_275,13816778072,cc6c902351b20b7f4678265a781d28e357f5c5b457e97b37f7bd9dd160b6bb65
C276,User_276,13830959793,a37b8fe7e5858216df2730619aed07fce2c6ed47cae54d8b6ba28ef5604991b2
C277,User_277,13823775657,a3cad124ee3aede56e7892f164aa3baefe7fd8e89ad993f1b49a5f6abaa4e709
C278,User_278,13866138360,2c451e409ab1ba79766d5c5e586b2f2734728bc04318a7c9ede14732db33e3e5
C279,User_279,13849126279,898bbdd70b1edef0b2816d4e656753e3ebd1b6fa8c995f33c3305ac42c8e3eb4
C280,User_280,13844366787,461d74a6e2d6e7b5e920d41669158674181935c2f81dcc6b02e8f80df8985e43
C281,User_281,13822933601,c26d3953a79336411456ae3e93c3939bb73ce99bc06b01ae52ebb37ee6d2ada2
C282,User_282,13836785035,d8db9333b1d4987dc1c421e6be9397aa5a47886dbbd91ae7805b97a8cf45cf74
C283,User_283,13823595777,acbc83c81efae2329941999b51524946fbeb3a99c31bb4aac826bb2d80449f9e
C284,User_284,13894466426,2a5480d1ba19a14a1c16ef2b9d766480c2769ef04df1a741e5dafa037bd35d4b
C285,User_285,13820228305,06c4be4ab7efec34bb7e893db7cfc7876af123ed9f9a444af7edfcfd4074fc75
C286,User_286,13867671079,620fe0905aaf93fe5e839e5d72f7f2c70774b8e9f18d4428346225e08aafd7d9
C287,User_287,13867522309,b7bf45362c32b8769e57ac6f6c2f98cb1edc8ae69a4ff5339c516ae23d66f617
C288,User_288,13874665730,537131348dacc62df7a83f8f2902e74e85364d249e7efded6c021fcdd7cf5100
C289,User_289,13850156247,9e40273f7f728e1ac6a5d3966773ac7a9ca59a7efc708e65f0fd07d4c21aa481
C290,User_290,13896525206,00db48cc96926d2ef1b63a381a940fd4d17844747497842ee16e371125d5af35
C291,User_291,13867798023,b92eee10506d26dfb0a613ff36167ad73656c6741fd2ace66ccddac4d06b2dba
C292,User_292,13817661455,0fe5d27ab6c67586115e2e7d0eb406c4faf310df7d2d914fb2e31cbc20351e4c
C293,User_293,13882369964,62edc5239ca502c1a7779d43beba03d5bda943dbcbe2ba827a1d16dfc7aa0756
C294,User_294,13812738033,59e2356042ef479ae446cba4757e562838c19eb9a43f72b87f0e7e3b9d102d47
C295,User_295,13895053808,d89b28dc3c7a6633a5d5b9d5fc896e7c570e3d235fb4749116f1befb55f6b142
C296,User_296,13860377921,61832be67c996ba48ac9a3dcdc012682d00ed16ea3d5aff0a6a654160f79c5f5
C297,User_297,13863781053,6885be502a07b9961f89d08029c23a27735e66bc11e83d7d5e68d8e23ddb9e5e
C298,User_298,13872280547,16feb77a6e5097c57ba2af0b835890dfe401b0a7a7b6419cad5b138c79edcc81
C299,User_299,13860355523,fbdc3a2ac5a935bd02f02fc5edd2ab7d5d314cd6a24125e728d4cbef190c08b4
C300,User_300,13876867275,3523bd93049c21c36f743d0bac257f16167cc0adc88d9977439cf2837b0cb588
