CREATE DATABASE IF NOT EXISTS smarteats;
USE smarteats;

CREATE TABLE IF NOT EXISTS MERCHANT (
                                        merchant_id INT PRIMARY KEY,
                                        merchant_name VARCHAR(100),
                                        license_no VARCHAR(100) UNIQUE
);

CREATE TABLE IF NOT EXISTS STORE (
                                     store_id INT PRIMARY KEY,
                                     store_name VARCHAR(100),
                                     min_order_amount DECIMAL(10,2),
                                     avg_prep_minutes INT,
                                     merchant_id INT,
                                     CONSTRAINT fk_store_merchant
                                         FOREIGN KEY (merchant_id) REFERENCES MERCHANT(merchant_id)
);

CREATE TABLE IF NOT EXISTS CATEGORY (
                                        category_id INT PRIMARY KEY,
                                        category_name VARCHAR(100)
);

CREATE TABLE IF NOT EXISTS DISH (
                                    dish_id INT PRIMARY KEY,
                                    dish_name VARCHAR(100),
                                    base_price DECIMAL(10,2),
                                    store_id INT,
                                    category_id INT,
                                    CONSTRAINT fk_dish_store
                                        FOREIGN KEY (store_id) REFERENCES STORE(store_id),
                                    CONSTRAINT fk_dish_category
                                        FOREIGN KEY (category_id) REFERENCES CATEGORY(category_id)
);

DELETE FROM DISH;
DELETE FROM CATEGORY;
DELETE FROM STORE;
DELETE FROM MERCHANT;



INSERT INTO MERCHANT (merchant_id, merchant_name, license_no) VALUES (1001, 'FreshBite Group', 'LIC-1001-US');
INSERT INTO MERCHANT (merchant_id, merchant_name, license_no) VALUES (1002, 'UrbanTaste Holdings', 'LIC-1002-US');
INSERT INTO MERCHANT (merchant_id, merchant_name, license_no) VALUES (1003, 'Coastal Dining Co', 'LIC-1003-US');
INSERT INTO MERCHANT (merchant_id, merchant_name, license_no) VALUES (1004, 'Metro Meals Collective', 'LIC-1004-US');
INSERT INTO MERCHANT (merchant_id, merchant_name, license_no) VALUES (1005, 'Golden Spoon Partners', 'LIC-1005-US');
INSERT INTO MERCHANT (merchant_id, merchant_name, license_no) VALUES (1006, 'Blue Harbor Foods', 'LIC-1006-US');
INSERT INTO MERCHANT (merchant_id, merchant_name, license_no) VALUES (1007, 'Green Leaf Dining', 'LIC-1007-US');
INSERT INTO MERCHANT (merchant_id, merchant_name, license_no) VALUES (1008, 'Sunrise Kitchen Network', 'LIC-1008-US');
INSERT INTO MERCHANT (merchant_id, merchant_name, license_no) VALUES (1009, 'Heritage Flavor House', 'LIC-1009-US');
INSERT INTO MERCHANT (merchant_id, merchant_name, license_no) VALUES (1010, 'NorthStar Food Ventures', 'LIC-1010-US');
INSERT INTO MERCHANT (merchant_id, merchant_name, license_no) VALUES (1011, 'CityFork Enterprises', 'LIC-1011-US');
INSERT INTO MERCHANT (merchant_id, merchant_name, license_no) VALUES (1012, 'RiverStone Eats', 'LIC-1012-US');
INSERT INTO MERCHANT (merchant_id, merchant_name, license_no) VALUES (1013, 'Skyline Culinary Partners', 'LIC-1013-US');
INSERT INTO MERCHANT (merchant_id, merchant_name, license_no) VALUES (1014, 'Oak and Ember Dining', 'LIC-1014-US');
INSERT INTO MERCHANT (merchant_id, merchant_name, license_no) VALUES (1015, 'Silver Maple Hospitality', 'LIC-1015-US');
INSERT INTO MERCHANT (merchant_id, merchant_name, license_no) VALUES (1016, 'Cedar Grove Foods', 'LIC-1016-US');
INSERT INTO MERCHANT (merchant_id, merchant_name, license_no) VALUES (1017, 'Peak Plate Ventures', 'LIC-1017-US');
INSERT INTO MERCHANT (merchant_id, merchant_name, license_no) VALUES (1018, 'Atlantic Table Group', 'LIC-1018-US');
INSERT INTO MERCHANT (merchant_id, merchant_name, license_no) VALUES (1019, 'Grand Avenue Dining', 'LIC-1019-US');
INSERT INTO MERCHANT (merchant_id, merchant_name, license_no) VALUES (1020, 'Lakeview Food Partners', 'LIC-1020-US');
INSERT INTO MERCHANT (merchant_id, merchant_name, license_no) VALUES (1021, 'Maple Street Eats', 'LIC-1021-US');
INSERT INTO MERCHANT (merchant_id, merchant_name, license_no) VALUES (1022, 'Harborline Kitchens', 'LIC-1022-US');
INSERT INTO MERCHANT (merchant_id, merchant_name, license_no) VALUES (1023, 'Westfield Dining House', 'LIC-1023-US');
INSERT INTO MERCHANT (merchant_id, merchant_name, license_no) VALUES (1024, 'Prime Table Ventures', 'LIC-1024-US');
INSERT INTO MERCHANT (merchant_id, merchant_name, license_no) VALUES (1025, 'Summit Flavor Works', 'LIC-1025-US');
INSERT INTO MERCHANT (merchant_id, merchant_name, license_no) VALUES (1026, 'Brookstone Dining', 'LIC-1026-US');
INSERT INTO MERCHANT (merchant_id, merchant_name, license_no) VALUES (1027, 'Redwood Meal Partners', 'LIC-1027-US');
INSERT INTO MERCHANT (merchant_id, merchant_name, license_no) VALUES (1028, 'Union Square Foods', 'LIC-1028-US');
INSERT INTO MERCHANT (merchant_id, merchant_name, license_no) VALUES (1029, 'Liberty Kitchen Group', 'LIC-1029-US');
INSERT INTO MERCHANT (merchant_id, merchant_name, license_no) VALUES (1030, 'Blue Ridge Dining', 'LIC-1030-US');



INSERT INTO STORE (store_id, store_name, min_order_amount, avg_prep_minutes, merchant_id) VALUES (19841, 'Godiva Chocolatier (1961 Chain Bridge Rd)', 10, 8, 1001);
INSERT INTO STORE (store_id, store_name, min_order_amount, avg_prep_minutes, merchant_id) VALUES (32819, 'El Churry - Levittown', 12, 16, 1002);
INSERT INTO STORE (store_id, store_name, min_order_amount, avg_prep_minutes, merchant_id) VALUES (25593, 'Paradise Pizzeria', 10, 20, 1003);
INSERT INTO STORE (store_id, store_name, min_order_amount, avg_prep_minutes, merchant_id) VALUES (40533, 'Indigo Smart Cafe', 10, 14, 1004);
INSERT INTO STORE (store_id, store_name, min_order_amount, avg_prep_minutes, merchant_id) VALUES (54146, 'Hot N Spicy', 10, 30, 1005);
INSERT INTO STORE (store_id, store_name, min_order_amount, avg_prep_minutes, merchant_id) VALUES (41390, 'San Juanita Tacos', 18, 16, 1006);
INSERT INTO STORE (store_id, store_name, min_order_amount, avg_prep_minutes, merchant_id) VALUES (37921, 'Hibachi Teppanyaki and Sushi Bar', 18, 16, 1007);
INSERT INTO STORE (store_id, store_name, min_order_amount, avg_prep_minutes, merchant_id) VALUES (19030, 'Kramers Book Delivery (1517 Connecticut Ave Nw)', 10, 18, 1008);
INSERT INTO STORE (store_id, store_name, min_order_amount, avg_prep_minutes, merchant_id) VALUES (30844, 'Banzai Teppan Yaki', 10, 28, 1009);
INSERT INTO STORE (store_id, store_name, min_order_amount, avg_prep_minutes, merchant_id) VALUES (42344, 'Donuts Kolaches &amp; Tacos', 10, 24, 1010);
INSERT INTO STORE (store_id, store_name, min_order_amount, avg_prep_minutes, merchant_id) VALUES (57124, 'Kumori Sushi &amp; Teppanyaki (Nolana)', 18, 22, 1011);
INSERT INTO STORE (store_id, store_name, min_order_amount, avg_prep_minutes, merchant_id) VALUES (13013, 'Hong Kong Bistro', 18, 24, 1012);
INSERT INTO STORE (store_id, store_name, min_order_amount, avg_prep_minutes, merchant_id) VALUES (49129, 'La Capital Del Sabor', 12, 20, 1013);
INSERT INTO STORE (store_id, store_name, min_order_amount, avg_prep_minutes, merchant_id) VALUES (14719, 'Sunnyside Blvd Espresso', 10, 10, 1014);
INSERT INTO STORE (store_id, store_name, min_order_amount, avg_prep_minutes, merchant_id) VALUES (14706, 'Sushi Spott', 10, 30, 1015);
INSERT INTO STORE (store_id, store_name, min_order_amount, avg_prep_minutes, merchant_id) VALUES (21675, 'Yen''s Kitchen and Sushi Bar', 10, 22, 1016);
INSERT INTO STORE (store_id, store_name, min_order_amount, avg_prep_minutes, merchant_id) VALUES (25666, 'Sunrise Pizzeria Family Restaurant', 10, 18, 1017);
INSERT INTO STORE (store_id, store_name, min_order_amount, avg_prep_minutes, merchant_id) VALUES (38782, 'BJ''s Restaurant &amp; Brewhouse (Southlake #567)', 18, 20, 1018);
INSERT INTO STORE (store_id, store_name, min_order_amount, avg_prep_minutes, merchant_id) VALUES (63182, 'Eurasia Fusion Sushi', 18, 28, 1019);
INSERT INTO STORE (store_id, store_name, min_order_amount, avg_prep_minutes, merchant_id) VALUES (10163, 'Green Tea Kitchen', 10, 22, 1020);
INSERT INTO STORE (store_id, store_name, min_order_amount, avg_prep_minutes, merchant_id) VALUES (26664, 'Taipei Tokyo (Rockville Pike)', 10, 14, 1021);
INSERT INTO STORE (store_id, store_name, min_order_amount, avg_prep_minutes, merchant_id) VALUES (3159, 'Flaming Wok', 10, 16, 1022);
INSERT INTO STORE (store_id, store_name, min_order_amount, avg_prep_minutes, merchant_id) VALUES (5946, 'Jalisco Mexican Restaurant (Gurnee)', 10, 26, 1023);
INSERT INTO STORE (store_id, store_name, min_order_amount, avg_prep_minutes, merchant_id) VALUES (47334, 'Tomoya', 18, 28, 1024);
INSERT INTO STORE (store_id, store_name, min_order_amount, avg_prep_minutes, merchant_id) VALUES (49984, 'KAZE HIBACHI &amp; SUSHI', 12, 30, 1025);
INSERT INTO STORE (store_id, store_name, min_order_amount, avg_prep_minutes, merchant_id) VALUES (2977, 'Edo Japanese Restaurant', 18, 22, 1026);
INSERT INTO STORE (store_id, store_name, min_order_amount, avg_prep_minutes, merchant_id) VALUES (34889, 'Delicious Garden', 10, 16, 1027);
INSERT INTO STORE (store_id, store_name, min_order_amount, avg_prep_minutes, merchant_id) VALUES (11718, 'St. John''s Deli &amp; Grocery (7920 N Lombard St)', 10, 20, 1028);
INSERT INTO STORE (store_id, store_name, min_order_amount, avg_prep_minutes, merchant_id) VALUES (2288, 'Pizza Shuttle', 18, 22, 1029);
INSERT INTO STORE (store_id, store_name, min_order_amount, avg_prep_minutes, merchant_id) VALUES (26121, 'Asian Garden', 10, 30, 1030);
INSERT INTO STORE (store_id, store_name, min_order_amount, avg_prep_minutes, merchant_id) VALUES (7525, 'Happy Teriyaki (Lacey)', 18, 14, 1001);
INSERT INTO STORE (store_id, store_name, min_order_amount, avg_prep_minutes, merchant_id) VALUES (35292, 'Formosa Garden', 10, 16, 1002);
INSERT INTO STORE (store_id, store_name, min_order_amount, avg_prep_minutes, merchant_id) VALUES (58041, 'Custer Wok', 18, 18, 1003);
INSERT INTO STORE (store_id, store_name, min_order_amount, avg_prep_minutes, merchant_id) VALUES (45024, 'Carmela''s Mexican Restaurant', 18, 22, 1004);
INSERT INTO STORE (store_id, store_name, min_order_amount, avg_prep_minutes, merchant_id) VALUES (47222, 'Shoji Sushi &amp; Hibachi', 10, 30, 1005);
INSERT INTO STORE (store_id, store_name, min_order_amount, avg_prep_minutes, merchant_id) VALUES (13098, 'Orenji Sushi &amp; Noodles', 18, 22, 1006);
INSERT INTO STORE (store_id, store_name, min_order_amount, avg_prep_minutes, merchant_id) VALUES (20326, 'Umi Japanese Cuisine', 18, 16, 1007);
INSERT INTO STORE (store_id, store_name, min_order_amount, avg_prep_minutes, merchant_id) VALUES (42907, 'Bethany Cafe - Arlington', 10, 10, 1008);
INSERT INTO STORE (store_id, store_name, min_order_amount, avg_prep_minutes, merchant_id) VALUES (43001, 'Bethany''s Smoothie &amp; Bubble Tea Shop', 10, 12, 1009);
INSERT INTO STORE (store_id, store_name, min_order_amount, avg_prep_minutes, merchant_id) VALUES (3114, 'Takara 88', 18, 30, 1010);
INSERT INTO STORE (store_id, store_name, min_order_amount, avg_prep_minutes, merchant_id) VALUES (8612, 'Dine India', 10, 22, 1011);
INSERT INTO STORE (store_id, store_name, min_order_amount, avg_prep_minutes, merchant_id) VALUES (30875, 'Ginza Japanese Shabu Shabu', 18, 16, 1012);
INSERT INTO STORE (store_id, store_name, min_order_amount, avg_prep_minutes, merchant_id) VALUES (61932, 'Fuji Steak House', 12, 26, 1013);
INSERT INTO STORE (store_id, store_name, min_order_amount, avg_prep_minutes, merchant_id) VALUES (28562, 'Sing Long Carryout', 10, 20, 1014);
INSERT INTO STORE (store_id, store_name, min_order_amount, avg_prep_minutes, merchant_id) VALUES (60871, 'The Avenue Coffee &amp; Cafe', 18, 8, 1015);



INSERT INTO CATEGORY (category_id, category_name) VALUES (2001, 'Appetizers');
INSERT INTO CATEGORY (category_id, category_name) VALUES (2002, 'Breakfast');
INSERT INTO CATEGORY (category_id, category_name) VALUES (2003, 'Chicken');
INSERT INTO CATEGORY (category_id, category_name) VALUES (2004, 'Coffee');
INSERT INTO CATEGORY (category_id, category_name) VALUES (2005, 'Desserts');
INSERT INTO CATEGORY (category_id, category_name) VALUES (2006, 'House Specials');
INSERT INTO CATEGORY (category_id, category_name) VALUES (2007, 'Juices');
INSERT INTO CATEGORY (category_id, category_name) VALUES (2008, 'Mexican');
INSERT INTO CATEGORY (category_id, category_name) VALUES (2009, 'Noodles');
INSERT INTO CATEGORY (category_id, category_name) VALUES (2010, 'Pizza');
INSERT INTO CATEGORY (category_id, category_name) VALUES (2011, 'Rice Bowls');
INSERT INTO CATEGORY (category_id, category_name) VALUES (2012, 'Salads');
INSERT INTO CATEGORY (category_id, category_name) VALUES (2013, 'Sandwiches');
INSERT INTO CATEGORY (category_id, category_name) VALUES (2014, 'Seafood');
INSERT INTO CATEGORY (category_id, category_name) VALUES (2015, 'Smoothies');
INSERT INTO CATEGORY (category_id, category_name) VALUES (2016, 'Soups');
INSERT INTO CATEGORY (category_id, category_name) VALUES (2017, 'Sushi');
INSERT INTO CATEGORY (category_id, category_name) VALUES (2018, 'Tea');



INSERT INTO DISH (dish_id, dish_name, base_price, store_id, category_id) VALUES (30001, 'Garlic Bread', 8.75, 19841, 2001);
INSERT INTO DISH (dish_id, dish_name, base_price, store_id, category_id) VALUES (30002, 'Egg Sandwich', 7.50, 19841, 2002);
INSERT INTO DISH (dish_id, dish_name, base_price, store_id, category_id) VALUES (30003, 'Grilled Chicken', 10.15, 19841, 2003);
INSERT INTO DISH (dish_id, dish_name, base_price, store_id, category_id) VALUES (30004, 'House Coffee', 7.99, 19841, 2004);
INSERT INTO DISH (dish_id, dish_name, base_price, store_id, category_id) VALUES (30005, 'Chocolate Cake', 6.20, 19841, 2005);
INSERT INTO DISH (dish_id, dish_name, base_price, store_id, category_id) VALUES (30006, 'Chef Plate', 8.50, 19841, 2006);
INSERT INTO DISH (dish_id, dish_name, base_price, store_id, category_id) VALUES (30007, 'Orange Juice', 3.35, 19841, 2007);
INSERT INTO DISH (dish_id, dish_name, base_price, store_id, category_id) VALUES (30008, 'House Salad', 10, 19841, 2012);
INSERT INTO DISH (dish_id, dish_name, base_price, store_id, category_id) VALUES (30009, 'Turkey Sandwich', 10.57, 19841, 2013);
INSERT INTO DISH (dish_id, dish_name, base_price, store_id, category_id) VALUES (30010, 'Hot Tea', 11, 19841, 2018);
INSERT INTO DISH (dish_id, dish_name, base_price, store_id, category_id) VALUES (30011, 'Bacon Breakfast Sandwich', 7.50, 19841, 2002);
INSERT INTO DISH (dish_id, dish_name, base_price, store_id, category_id) VALUES (30012, 'Sausage Breakfast Sandwich', 7.50, 19841, 2002);
INSERT INTO DISH (dish_id, dish_name, base_price, store_id, category_id) VALUES (30013, 'Breakfast Burrito', 7.50, 19841, 2002);
INSERT INTO DISH (dish_id, dish_name, base_price, store_id, category_id) VALUES (30014, 'Pancake Stack', 7.50, 19841, 2002);
INSERT INTO DISH (dish_id, dish_name, base_price, store_id, category_id) VALUES (30015, 'Waffle Plate', 7.50, 19841, 2002);
INSERT INTO DISH (dish_id, dish_name, base_price, store_id, category_id) VALUES (30016, 'Bacon and Eggs', 7.50, 19841, 2002);
INSERT INTO DISH (dish_id, dish_name, base_price, store_id, category_id) VALUES (30017, 'Sausage and Eggs', 7.50, 19841, 2002);
INSERT INTO DISH (dish_id, dish_name, base_price, store_id, category_id) VALUES (30018, 'Breakfast Plate', 7.50, 19841, 2002);
INSERT INTO DISH (dish_id, dish_name, base_price, store_id, category_id) VALUES (30019, 'French Toast', 7.50, 19841, 2002);
INSERT INTO DISH (dish_id, dish_name, base_price, store_id, category_id) VALUES (30020, 'Omelet Plate', 7.50, 19841, 2002);
INSERT INTO DISH (dish_id, dish_name, base_price, store_id, category_id) VALUES (30021, 'Bagel with Cream Cheese', 1.79, 32819, 2002);
INSERT INTO DISH (dish_id, dish_name, base_price, store_id, category_id) VALUES (30022, 'Chicken Tenders', 6.99, 32819, 2003);
INSERT INTO DISH (dish_id, dish_name, base_price, store_id, category_id) VALUES (30023, 'Iced Coffee', 1.49, 32819, 2004);
INSERT INTO DISH (dish_id, dish_name, base_price, store_id, category_id) VALUES (30024, 'Cheesecake Slice', 2.29, 32819, 2005);
INSERT INTO DISH (dish_id, dish_name, base_price, store_id, category_id) VALUES (30025, 'Signature Meal', 1.29, 32819, 2006);
INSERT INTO DISH (dish_id, dish_name, base_price, store_id, category_id) VALUES (30026, 'Chicken Noodles', 4.99, 32819, 2009);
INSERT INTO DISH (dish_id, dish_name, base_price, store_id, category_id) VALUES (30027, 'Ham Sandwich', 3.99, 32819, 2013);
INSERT INTO DISH (dish_id, dish_name, base_price, store_id, category_id) VALUES (30028, 'Iced Tea', 13.99, 32819, 2018);
INSERT INTO DISH (dish_id, dish_name, base_price, store_id, category_id) VALUES (30029, 'Chicken Taco', 3.29, 32819, 2008);
INSERT INTO DISH (dish_id, dish_name, base_price, store_id, category_id) VALUES (30030, 'Cheese Pizza', 2.49, 32819, 2010);
INSERT INTO DISH (dish_id, dish_name, base_price, store_id, category_id) VALUES (30031, 'Fried Chicken Plate', 6.99, 32819, 2003);
INSERT INTO DISH (dish_id, dish_name, base_price, store_id, category_id) VALUES (30032, 'Chicken Sandwich', 1.79, 32819, 2003);
INSERT INTO DISH (dish_id, dish_name, base_price, store_id, category_id) VALUES (30033, 'Chicken Strips', 1.79, 32819, 2003);
INSERT INTO DISH (dish_id, dish_name, base_price, store_id, category_id) VALUES (30034, 'Chicken Basket', 1.79, 32819, 2003);
INSERT INTO DISH (dish_id, dish_name, base_price, store_id, category_id) VALUES (30035, 'Spicy Chicken', 6.99, 32819, 2003);
INSERT INTO DISH (dish_id, dish_name, base_price, store_id, category_id) VALUES (30036, 'Cafe Latte', 14.99, 32819, 2004);
INSERT INTO DISH (dish_id, dish_name, base_price, store_id, category_id) VALUES (30037, 'Brownie Dessert', 2.29, 32819, 2005);
INSERT INTO DISH (dish_id, dish_name, base_price, store_id, category_id) VALUES (30038, 'Chocolate Cookie', 1.19, 32819, 2005);
INSERT INTO DISH (dish_id, dish_name, base_price, store_id, category_id) VALUES (30039, 'Vanilla Cupcake', 1.09, 32819, 2005);
INSERT INTO DISH (dish_id, dish_name, base_price, store_id, category_id) VALUES (30040, 'Strawberry Cheesecake', 2.29, 32819, 2005);
INSERT INTO DISH (dish_id, dish_name, base_price, store_id, category_id) VALUES (30041, 'Mozzarella Sticks', 9.99, 25593, 2001);
INSERT INTO DISH (dish_id, dish_name, base_price, store_id, category_id) VALUES (30042, 'Egg Sandwich', 9.99, 25593, 2002);
INSERT INTO DISH (dish_id, dish_name, base_price, store_id, category_id) VALUES (30043, 'BBQ Chicken', 15.99, 25593, 2003);
INSERT INTO DISH (dish_id, dish_name, base_price, store_id, category_id) VALUES (30044, 'Cappuccino Coffee', 9.99, 25593, 2004);
INSERT INTO DISH (dish_id, dish_name, base_price, store_id, category_id) VALUES (30045, 'Cannoli Dessert', 5.99, 25593, 2005);
INSERT INTO DISH (dish_id, dish_name, base_price, store_id, category_id) VALUES (30046, 'House Favorite', 14.99, 25593, 2006);
INSERT INTO DISH (dish_id, dish_name, base_price, store_id, category_id) VALUES (30047, 'Apple Juice', 3, 25593, 2007);
INSERT INTO DISH (dish_id, dish_name, base_price, store_id, category_id) VALUES (30048, 'Pepperoni Pizza', 12.99, 25593, 2010);
INSERT INTO DISH (dish_id, dish_name, base_price, store_id, category_id) VALUES (30049, 'Caesar Salad', 14.99, 25593, 2012);
INSERT INTO DISH (dish_id, dish_name, base_price, store_id, category_id) VALUES (30050, 'Chicken Sandwich', 8.99, 25593, 2013);
INSERT INTO DISH (dish_id, dish_name, base_price, store_id, category_id) VALUES (30051, 'Shrimp Plate', 9.99, 25593, 2014);
INSERT INTO DISH (dish_id, dish_name, base_price, store_id, category_id) VALUES (30052, 'California Roll', 8.99, 25593, 2017);
INSERT INTO DISH (dish_id, dish_name, base_price, store_id, category_id) VALUES (30053, 'Milk Tea', 16.99, 25593, 2018);
INSERT INTO DISH (dish_id, dish_name, base_price, store_id, category_id) VALUES (30054, 'Beef Taco', 10.99, 25593, 2008);
INSERT INTO DISH (dish_id, dish_name, base_price, store_id, category_id) VALUES (30055, 'Chicken Rice Bowl', 25.99, 25593, 2011);
INSERT INTO DISH (dish_id, dish_name, base_price, store_id, category_id) VALUES (30056, 'Fried Pickles', 5.99, 25593, 2001);
INSERT INTO DISH (dish_id, dish_name, base_price, store_id, category_id) VALUES (30057, 'Onion Rings', 10.99, 25593, 2001);
INSERT INTO DISH (dish_id, dish_name, base_price, store_id, category_id) VALUES (30058, 'Loaded Fries', 1.55, 25593, 2001);
INSERT INTO DISH (dish_id, dish_name, base_price, store_id, category_id) VALUES (30059, 'Chicken Bites', 1.55, 25593, 2001);
INSERT INTO DISH (dish_id, dish_name, base_price, store_id, category_id) VALUES (30060, 'Stuffed Mushrooms', 4.99, 25593, 2001);
INSERT INTO DISH (dish_id, dish_name, base_price, store_id, category_id) VALUES (30061, 'Bacon Breakfast Sandwich', 6, 40533, 2002);
INSERT INTO DISH (dish_id, dish_name, base_price, store_id, category_id) VALUES (30062, 'Espresso Coffee', 3, 40533, 2004);
INSERT INTO DISH (dish_id, dish_name, base_price, store_id, category_id) VALUES (30063, 'Kitchen Plate', 8.50, 40533, 2006);
INSERT INTO DISH (dish_id, dish_name, base_price, store_id, category_id) VALUES (30064, 'Fresh Lemonade', 5.95, 40533, 2007);
INSERT INTO DISH (dish_id, dish_name, base_price, store_id, category_id) VALUES (30065, 'Cheese Quesadilla', 5.25, 40533, 2008);
INSERT INTO DISH (dish_id, dish_name, base_price, store_id, category_id) VALUES (30066, 'Garden Salad', 6.99, 40533, 2012);
INSERT INTO DISH (dish_id, dish_name, base_price, store_id, category_id) VALUES (30067, 'Berry Smoothie', 7.50, 40533, 2015);
INSERT INTO DISH (dish_id, dish_name, base_price, store_id, category_id) VALUES (30068, 'Green Tea', 11, 40533, 2018);
INSERT INTO DISH (dish_id, dish_name, base_price, store_id, category_id) VALUES (30069, 'Salmon Roll', 23.99, 40533, 2017);
INSERT INTO DISH (dish_id, dish_name, base_price, store_id, category_id) VALUES (30070, 'Sausage Breakfast Sandwich', 6, 40533, 2002);
INSERT INTO DISH (dish_id, dish_name, base_price, store_id, category_id) VALUES (30071, 'Mocha Coffee', 3, 40533, 2004);
INSERT INTO DISH (dish_id, dish_name, base_price, store_id, category_id) VALUES (30072, 'Americano Coffee', 3, 40533, 2004);
INSERT INTO DISH (dish_id, dish_name, base_price, store_id, category_id) VALUES (30073, 'Vanilla Latte', 3, 40533, 2004);
INSERT INTO DISH (dish_id, dish_name, base_price, store_id, category_id) VALUES (30074, 'Chef Combo', 8.50, 40533, 2006);
INSERT INTO DISH (dish_id, dish_name, base_price, store_id, category_id) VALUES (30075, 'Featured Plate', 8.50, 40533, 2006);
INSERT INTO DISH (dish_id, dish_name, base_price, store_id, category_id) VALUES (30076, 'Berry Juice', 6.99, 40533, 2007);
INSERT INTO DISH (dish_id, dish_name, base_price, store_id, category_id) VALUES (30077, 'Chicken Burrito', 4.75, 40533, 2008);
INSERT INTO DISH (dish_id, dish_name, base_price, store_id, category_id) VALUES (30078, 'Chicken Salad', 6.99, 40533, 2012);
INSERT INTO DISH (dish_id, dish_name, base_price, store_id, category_id) VALUES (30079, 'Shrimp Salad', 12.99, 40533, 2012);
INSERT INTO DISH (dish_id, dish_name, base_price, store_id, category_id) VALUES (30080, 'Greek Salad', 5.99, 40533, 2012);
INSERT INTO DISH (dish_id, dish_name, base_price, store_id, category_id) VALUES (30081, 'Sampler Platter', 30, 54146, 2001);
INSERT INTO DISH (dish_id, dish_name, base_price, store_id, category_id) VALUES (30082, 'Breakfast Burrito', 49.99, 54146, 2002);
INSERT INTO DISH (dish_id, dish_name, base_price, store_id, category_id) VALUES (30083, 'Chicken Nuggets', 10.99, 54146, 2003);
INSERT INTO DISH (dish_id, dish_name, base_price, store_id, category_id) VALUES (30084, 'Caramel Latte', 95, 54146, 2004);
INSERT INTO DISH (dish_id, dish_name, base_price, store_id, category_id) VALUES (30085, 'Beef Rice Bowl', 3.49, 54146, 2011);
INSERT INTO DISH (dish_id, dish_name, base_price, store_id, category_id) VALUES (30086, 'Salmon Plate', 11.99, 54146, 2014);
INSERT INTO DISH (dish_id, dish_name, base_price, store_id, category_id) VALUES (30087, 'Chicken Soup', 10.99, 54146, 2016);
INSERT INTO DISH (dish_id, dish_name, base_price, store_id, category_id) VALUES (30088, 'Shrimp Roll', 49.95, 54146, 2017);
INSERT INTO DISH (dish_id, dish_name, base_price, store_id, category_id) VALUES (30089, 'Black Tea', 5.99, 54146, 2018);
INSERT INTO DISH (dish_id, dish_name, base_price, store_id, category_id) VALUES (30090, 'Apple Pie Slice', 3.99, 54146, 2005);
INSERT INTO DISH (dish_id, dish_name, base_price, store_id, category_id) VALUES (30091, 'Breaded Cauliflower', 49.99, 54146, 2001);
INSERT INTO DISH (dish_id, dish_name, base_price, store_id, category_id) VALUES (30092, 'Fried Calamari', 9.99, 54146, 2001);
INSERT INTO DISH (dish_id, dish_name, base_price, store_id, category_id) VALUES (30093, 'Cheese Bites', 7.99, 54146, 2001);
INSERT INTO DISH (dish_id, dish_name, base_price, store_id, category_id) VALUES (30094, 'Nacho Platter', 49.99, 54146, 2001);
INSERT INTO DISH (dish_id, dish_name, base_price, store_id, category_id) VALUES (30095, 'Garlic Bread', 49.99, 54146, 2001);
INSERT INTO DISH (dish_id, dish_name, base_price, store_id, category_id) VALUES (30096, 'Mozzarella Sticks', 10.99, 54146, 2001);
INSERT INTO DISH (dish_id, dish_name, base_price, store_id, category_id) VALUES (30097, 'Fried Pickles', 7.99, 54146, 2001);
INSERT INTO DISH (dish_id, dish_name, base_price, store_id, category_id) VALUES (30098, 'Onion Rings', 7.99, 54146, 2001);
INSERT INTO DISH (dish_id, dish_name, base_price, store_id, category_id) VALUES (30099, 'Loaded Fries', 34.99, 54146, 2001);
INSERT INTO DISH (dish_id, dish_name, base_price, store_id, category_id) VALUES (30100, 'Chicken Bites', 6.99, 54146, 2001);
INSERT INTO DISH (dish_id, dish_name, base_price, store_id, category_id) VALUES (30101, 'Pancake Stack', 2.50, 41390, 2002);
INSERT INTO DISH (dish_id, dish_name, base_price, store_id, category_id) VALUES (30102, 'Beef Burrito', 2.29, 41390, 2008);
INSERT INTO DISH (dish_id, dish_name, base_price, store_id, category_id) VALUES (30103, 'Shrimp Rice Bowl', 9.99, 41390, 2011);
INSERT INTO DISH (dish_id, dish_name, base_price, store_id, category_id) VALUES (30104, 'Cobb Salad', 9.99, 41390, 2012);
INSERT INTO DISH (dish_id, dish_name, base_price, store_id, category_id) VALUES (30105, 'Chocolate Muffin', 6.99, 41390, 2005);
INSERT INTO DISH (dish_id, dish_name, base_price, store_id, category_id) VALUES (30106, 'Stuffed Mushrooms', 2.99, 41390, 2001);
INSERT INTO DISH (dish_id, dish_name, base_price, store_id, category_id) VALUES (30107, 'Chicken Cutlet', 7.99, 41390, 2003);
INSERT INTO DISH (dish_id, dish_name, base_price, store_id, category_id) VALUES (30108, 'Grilled Cheese Sandwich', 4.99, 41390, 2013);
INSERT INTO DISH (dish_id, dish_name, base_price, store_id, category_id) VALUES (30109, 'Peach Tea', 2.29, 41390, 2018);
INSERT INTO DISH (dish_id, dish_name, base_price, store_id, category_id) VALUES (30110, 'Mango Juice', 1.69, 41390, 2007);
INSERT INTO DISH (dish_id, dish_name, base_price, store_id, category_id) VALUES (30111, 'Chef Recommendation', 2.49, 41390, 2006);
INSERT INTO DISH (dish_id, dish_name, base_price, store_id, category_id) VALUES (30112, 'Waffle Plate', 7.99, 41390, 2002);
INSERT INTO DISH (dish_id, dish_name, base_price, store_id, category_id) VALUES (30113, 'Bacon and Eggs', 1.29, 41390, 2002);
INSERT INTO DISH (dish_id, dish_name, base_price, store_id, category_id) VALUES (30114, 'Sausage and Eggs', 1.89, 41390, 2002);
INSERT INTO DISH (dish_id, dish_name, base_price, store_id, category_id) VALUES (30115, 'Breakfast Plate', 8.99, 41390, 2002);
INSERT INTO DISH (dish_id, dish_name, base_price, store_id, category_id) VALUES (30116, 'French Toast', 7.99, 41390, 2002);
INSERT INTO DISH (dish_id, dish_name, base_price, store_id, category_id) VALUES (30117, 'Omelet Plate', 5.99, 41390, 2002);
INSERT INTO DISH (dish_id, dish_name, base_price, store_id, category_id) VALUES (30118, 'Bagel with Cream Cheese', 1.99, 41390, 2002);
INSERT INTO DISH (dish_id, dish_name, base_price, store_id, category_id) VALUES (30119, 'Egg Sandwich', 2.50, 41390, 2002);
INSERT INTO DISH (dish_id, dish_name, base_price, store_id, category_id) VALUES (30120, 'Bacon Breakfast Sandwich', 0.50, 41390, 2002);
INSERT INTO DISH (dish_id, dish_name, base_price, store_id, category_id) VALUES (30121, 'Sampler Platter', 10, 37921, 2001);
INSERT INTO DISH (dish_id, dish_name, base_price, store_id, category_id) VALUES (30122, 'Sausage Breakfast Sandwich', 6.25, 37921, 2002);
INSERT INTO DISH (dish_id, dish_name, base_price, store_id, category_id) VALUES (30123, 'Buffalo Chicken', 17.50, 37921, 2003);
INSERT INTO DISH (dish_id, dish_name, base_price, store_id, category_id) VALUES (30124, 'Sugar Cookie', 12.51, 37921, 2005);
INSERT INTO DISH (dish_id, dish_name, base_price, store_id, category_id) VALUES (30125, 'Popular Plate', 6.31, 37921, 2006);
INSERT INTO DISH (dish_id, dish_name, base_price, store_id, category_id) VALUES (30126, 'Pineapple Juice', 5.01, 37921, 2007);
INSERT INTO DISH (dish_id, dish_name, base_price, store_id, category_id) VALUES (30127, 'Teriyaki Bowl', 21.25, 37921, 2011);
INSERT INTO DISH (dish_id, dish_name, base_price, store_id, category_id) VALUES (30128, 'Side Salad', 7.51, 37921, 2012);
INSERT INTO DISH (dish_id, dish_name, base_price, store_id, category_id) VALUES (30129, 'Italian Sandwich', 13.81, 37921, 2013);
INSERT INTO DISH (dish_id, dish_name, base_price, store_id, category_id) VALUES (30130, 'Fish Fillet', 21.25, 37921, 2014);
INSERT INTO DISH (dish_id, dish_name, base_price, store_id, category_id) VALUES (30131, 'Tomato Soup', 12.50, 37921, 2016);
INSERT INTO DISH (dish_id, dish_name, base_price, store_id, category_id) VALUES (30132, 'Spicy Tuna Roll', 21.25, 37921, 2017);
INSERT INTO DISH (dish_id, dish_name, base_price, store_id, category_id) VALUES (30133, 'Lemon Tea', 23.75, 37921, 2018);
INSERT INTO DISH (dish_id, dish_name, base_price, store_id, category_id) VALUES (30134, 'Supreme Pizza', 25, 37921, 2010);
INSERT INTO DISH (dish_id, dish_name, base_price, store_id, category_id) VALUES (30135, 'Breaded Cauliflower', 18.75, 37921, 2001);
INSERT INTO DISH (dish_id, dish_name, base_price, store_id, category_id) VALUES (30136, 'Fried Calamari', 10, 37921, 2001);
INSERT INTO DISH (dish_id, dish_name, base_price, store_id, category_id) VALUES (30137, 'Cheese Bites', 8.75, 37921, 2001);
INSERT INTO DISH (dish_id, dish_name, base_price, store_id, category_id) VALUES (30138, 'Nacho Platter', 8.75, 37921, 2001);
INSERT INTO DISH (dish_id, dish_name, base_price, store_id, category_id) VALUES (30139, 'Garlic Bread', 17.50, 37921, 2001);
INSERT INTO DISH (dish_id, dish_name, base_price, store_id, category_id) VALUES (30140, 'Mozzarella Sticks', 11.25, 37921, 2001);
INSERT INTO DISH (dish_id, dish_name, base_price, store_id, category_id) VALUES (30141, 'Breakfast Burrito', 3, 19030, 2002);
INSERT INTO DISH (dish_id, dish_name, base_price, store_id, category_id) VALUES (30142, 'Carrot Cake', 35, 19030, 2005);
INSERT INTO DISH (dish_id, dish_name, base_price, store_id, category_id) VALUES (30143, 'Chef Plate', 3, 19030, 2006);
INSERT INTO DISH (dish_id, dish_name, base_price, store_id, category_id) VALUES (30144, 'Vegetable Rice Bowl', 10, 19030, 2011);
INSERT INTO DISH (dish_id, dish_name, base_price, store_id, category_id) VALUES (30145, 'Club Sandwich', 16.95, 19030, 2013);
INSERT INTO DISH (dish_id, dish_name, base_price, store_id, category_id) VALUES (30146, 'House Tea', 15, 19030, 2018);
INSERT INTO DISH (dish_id, dish_name, base_price, store_id, category_id) VALUES (30147, 'Pancake Stack', 17.99, 19030, 2002);
INSERT INTO DISH (dish_id, dish_name, base_price, store_id, category_id) VALUES (30148, 'Waffle Plate', 16.95, 19030, 2002);
INSERT INTO DISH (dish_id, dish_name, base_price, store_id, category_id) VALUES (30149, 'Bacon and Eggs', 12, 19030, 2002);
INSERT INTO DISH (dish_id, dish_name, base_price, store_id, category_id) VALUES (30150, 'Sausage and Eggs', 14, 19030, 2002);
INSERT INTO DISH (dish_id, dish_name, base_price, store_id, category_id) VALUES (30151, 'Breakfast Plate', 3, 19030, 2002);
INSERT INTO DISH (dish_id, dish_name, base_price, store_id, category_id) VALUES (30152, 'French Toast', 3, 19030, 2002);
INSERT INTO DISH (dish_id, dish_name, base_price, store_id, category_id) VALUES (30153, 'Omelet Plate', 11, 19030, 2002);
INSERT INTO DISH (dish_id, dish_name, base_price, store_id, category_id) VALUES (30154, 'Bagel with Cream Cheese', 3, 19030, 2002);
INSERT INTO DISH (dish_id, dish_name, base_price, store_id, category_id) VALUES (30155, 'Egg Sandwich', 14, 19030, 2002);
INSERT INTO DISH (dish_id, dish_name, base_price, store_id, category_id) VALUES (30156, 'Bacon Breakfast Sandwich', 13, 19030, 2002);
INSERT INTO DISH (dish_id, dish_name, base_price, store_id, category_id) VALUES (30157, 'Sausage Breakfast Sandwich', 3, 19030, 2002);
INSERT INTO DISH (dish_id, dish_name, base_price, store_id, category_id) VALUES (30158, 'Breakfast Burrito Breakfast', 9, 19030, 2002);
INSERT INTO DISH (dish_id, dish_name, base_price, store_id, category_id) VALUES (30159, 'Ice Cream Sundae', 35, 19030, 2005);
INSERT INTO DISH (dish_id, dish_name, base_price, store_id, category_id) VALUES (30160, 'Chocolate Cake', 18.99, 19030, 2005);
INSERT INTO DISH (dish_id, dish_name, base_price, store_id, category_id) VALUES (30161, 'Fried Pickles', 8.95, 30844, 2001);
INSERT INTO DISH (dish_id, dish_name, base_price, store_id, category_id) VALUES (30162, 'Pancake Stack', 7.50, 30844, 2002);
INSERT INTO DISH (dish_id, dish_name, base_price, store_id, category_id) VALUES (30163, 'Chicken Parmesan', 7.50, 30844, 2003);
INSERT INTO DISH (dish_id, dish_name, base_price, store_id, category_id) VALUES (30164, 'Cold Brew', 9.95, 30844, 2004);
INSERT INTO DISH (dish_id, dish_name, base_price, store_id, category_id) VALUES (30165, 'Cheesecake Slice', 21.50, 30844, 2005);
INSERT INTO DISH (dish_id, dish_name, base_price, store_id, category_id) VALUES (30166, 'Signature Meal', 9.95, 30844, 2006);
INSERT INTO DISH (dish_id, dish_name, base_price, store_id, category_id) VALUES (30167, 'Beef Noodles', 8.95, 30844, 2009);
INSERT INTO DISH (dish_id, dish_name, base_price, store_id, category_id) VALUES (30168, 'Rice Bowl', 4, 30844, 2011);
INSERT INTO DISH (dish_id, dish_name, base_price, store_id, category_id) VALUES (30169, 'House Salad', 8, 30844, 2012);
INSERT INTO DISH (dish_id, dish_name, base_price, store_id, category_id) VALUES (30170, 'Seafood Plate', 7.50, 30844, 2014);
INSERT INTO DISH (dish_id, dish_name, base_price, store_id, category_id) VALUES (30171, 'Mango Smoothie', 4, 30844, 2015);
INSERT INTO DISH (dish_id, dish_name, base_price, store_id, category_id) VALUES (30172, 'Noodle Soup', 9.95, 30844, 2016);
INSERT INTO DISH (dish_id, dish_name, base_price, store_id, category_id) VALUES (30173, 'Avocado Roll', 7.50, 30844, 2017);
INSERT INTO DISH (dish_id, dish_name, base_price, store_id, category_id) VALUES (30174, 'Hot Tea', 7.50, 30844, 2018);
INSERT INTO DISH (dish_id, dish_name, base_price, store_id, category_id) VALUES (30175, 'Onion Rings', 7.50, 30844, 2001);
INSERT INTO DISH (dish_id, dish_name, base_price, store_id, category_id) VALUES (30176, 'Loaded Fries', 6, 30844, 2001);
INSERT INTO DISH (dish_id, dish_name, base_price, store_id, category_id) VALUES (30177, 'Chicken Bites', 7.50, 30844, 2001);
INSERT INTO DISH (dish_id, dish_name, base_price, store_id, category_id) VALUES (30178, 'Stuffed Mushrooms', 6, 30844, 2001);
INSERT INTO DISH (dish_id, dish_name, base_price, store_id, category_id) VALUES (30179, 'Sampler Platter', 7.50, 30844, 2001);
INSERT INTO DISH (dish_id, dish_name, base_price, store_id, category_id) VALUES (30180, 'Waffle Plate', 7.50, 30844, 2002);
INSERT INTO DISH (dish_id, dish_name, base_price, store_id, category_id) VALUES (30181, 'Bacon and Eggs', 3.99, 42344, 2002);
INSERT INTO DISH (dish_id, dish_name, base_price, store_id, category_id) VALUES (30182, 'Hazelnut Coffee', 5.99, 42344, 2004);
INSERT INTO DISH (dish_id, dish_name, base_price, store_id, category_id) VALUES (30183, 'Brownie Dessert', 2.99, 42344, 2005);
INSERT INTO DISH (dish_id, dish_name, base_price, store_id, category_id) VALUES (30184, 'Fresh Juice', 5.99, 42344, 2007);
INSERT INTO DISH (dish_id, dish_name, base_price, store_id, category_id) VALUES (30185, 'Nacho Plate', 6.99, 42344, 2008);
INSERT INTO DISH (dish_id, dish_name, base_price, store_id, category_id) VALUES (30186, 'Crab Cake Plate', 7.99, 42344, 2014);
INSERT INTO DISH (dish_id, dish_name, base_price, store_id, category_id) VALUES (30187, 'House Favorite', 0.99, 42344, 2006);
INSERT INTO DISH (dish_id, dish_name, base_price, store_id, category_id) VALUES (30188, 'Iced Tea', 5.99, 42344, 2018);
INSERT INTO DISH (dish_id, dish_name, base_price, store_id, category_id) VALUES (30189, 'Crab Roll', 4.99, 42344, 2017);
INSERT INTO DISH (dish_id, dish_name, base_price, store_id, category_id) VALUES (30190, 'Sausage and Eggs', 7.99, 42344, 2002);
INSERT INTO DISH (dish_id, dish_name, base_price, store_id, category_id) VALUES (30191, 'Breakfast Plate', 6.99, 42344, 2002);
INSERT INTO DISH (dish_id, dish_name, base_price, store_id, category_id) VALUES (30192, 'French Toast', 6.99, 42344, 2002);
INSERT INTO DISH (dish_id, dish_name, base_price, store_id, category_id) VALUES (30193, 'Omelet Plate', 3.99, 42344, 2002);
INSERT INTO DISH (dish_id, dish_name, base_price, store_id, category_id) VALUES (30194, 'Bagel with Cream Cheese', 6.99, 42344, 2002);
INSERT INTO DISH (dish_id, dish_name, base_price, store_id, category_id) VALUES (30195, 'Egg Sandwich', 7.99, 42344, 2002);
INSERT INTO DISH (dish_id, dish_name, base_price, store_id, category_id) VALUES (30196, 'Bacon Breakfast Sandwich', 6.99, 42344, 2002);
INSERT INTO DISH (dish_id, dish_name, base_price, store_id, category_id) VALUES (30197, 'Sausage Breakfast Sandwich', 6.99, 42344, 2002);
INSERT INTO DISH (dish_id, dish_name, base_price, store_id, category_id) VALUES (30198, 'Breakfast Burrito', 6.99, 42344, 2002);
INSERT INTO DISH (dish_id, dish_name, base_price, store_id, category_id) VALUES (30199, 'Pancake Stack', 7.99, 42344, 2002);
INSERT INTO DISH (dish_id, dish_name, base_price, store_id, category_id) VALUES (30200, 'Waffle Plate', 6.99, 42344, 2002);
INSERT INTO DISH (dish_id, dish_name, base_price, store_id, category_id) VALUES (30201, 'Breaded Cauliflower', 7.69, 57124, 2001);
INSERT INTO DISH (dish_id, dish_name, base_price, store_id, category_id) VALUES (30202, 'Bacon and Eggs', 7.50, 57124, 2002);
INSERT INTO DISH (dish_id, dish_name, base_price, store_id, category_id) VALUES (30203, 'Grilled Chicken', 1.10, 57124, 2003);
INSERT INTO DISH (dish_id, dish_name, base_price, store_id, category_id) VALUES (30204, 'Macchiato Coffee', 55, 57124, 2004);
INSERT INTO DISH (dish_id, dish_name, base_price, store_id, category_id) VALUES (30205, 'Chocolate Cookie', 6.59, 57124, 2005);
INSERT INTO DISH (dish_id, dish_name, base_price, store_id, category_id) VALUES (30206, 'Kitchen Plate', 6.59, 57124, 2006);
INSERT INTO DISH (dish_id, dish_name, base_price, store_id, category_id) VALUES (30207, 'Fruit Punch', 3.75, 57124, 2007);
INSERT INTO DISH (dish_id, dish_name, base_price, store_id, category_id) VALUES (30208, 'Noodle Bowl', 15.95, 57124, 2009);
INSERT INTO DISH (dish_id, dish_name, base_price, store_id, category_id) VALUES (30209, 'Spicy Chicken Bowl', 1.10, 57124, 2011);
INSERT INTO DISH (dish_id, dish_name, base_price, store_id, category_id) VALUES (30210, 'Caesar Salad', 12.65, 57124, 2012);
INSERT INTO DISH (dish_id, dish_name, base_price, store_id, category_id) VALUES (30211, 'Fried Calamari', 12.50, 13013, 2001);
INSERT INTO DISH (dish_id, dish_name, base_price, store_id, category_id) VALUES (30212, 'Sausage and Eggs', 17.95, 13013, 2002);
INSERT INTO DISH (dish_id, dish_name, base_price, store_id, category_id) VALUES (30213, 'Chicken Tenders', 15.95, 13013, 2003);
INSERT INTO DISH (dish_id, dish_name, base_price, store_id, category_id) VALUES (30214, 'House Coffee', 4.25, 13013, 2004);
INSERT INTO DISH (dish_id, dish_name, base_price, store_id, category_id) VALUES (30215, 'Vanilla Cupcake', 6.50, 13013, 2005);
INSERT INTO DISH (dish_id, dish_name, base_price, store_id, category_id) VALUES (30216, 'Chef Combo', 14.95, 13013, 2006);
INSERT INTO DISH (dish_id, dish_name, base_price, store_id, category_id) VALUES (30217, 'Orange Juice', 5.95, 13013, 2007);
INSERT INTO DISH (dish_id, dish_name, base_price, store_id, category_id) VALUES (30218, 'Ramen Bowl', 15.50, 13013, 2009);
INSERT INTO DISH (dish_id, dish_name, base_price, store_id, category_id) VALUES (30219, 'Steak Rice Bowl', 14.95, 13013, 2011);
INSERT INTO DISH (dish_id, dish_name, base_price, store_id, category_id) VALUES (30220, 'Tuna Sandwich', 9.95, 13013, 2013);
INSERT INTO DISH (dish_id, dish_name, base_price, store_id, category_id) VALUES (30221, 'Cheese Bites', 4.99, 49129, 2001);
INSERT INTO DISH (dish_id, dish_name, base_price, store_id, category_id) VALUES (30222, 'Breakfast Plate', 4.99, 49129, 2002);
INSERT INTO DISH (dish_id, dish_name, base_price, store_id, category_id) VALUES (30223, 'Fried Chicken Plate', 7.99, 49129, 2003);
INSERT INTO DISH (dish_id, dish_name, base_price, store_id, category_id) VALUES (30224, 'Iced Coffee', 5, 49129, 2004);
INSERT INTO DISH (dish_id, dish_name, base_price, store_id, category_id) VALUES (30225, 'Strawberry Cheesecake', 3.99, 49129, 2005);
INSERT INTO DISH (dish_id, dish_name, base_price, store_id, category_id) VALUES (30226, 'Featured Plate', 3.99, 49129, 2006);
INSERT INTO DISH (dish_id, dish_name, base_price, store_id, category_id) VALUES (30227, 'Chicken Quesadilla', 2.99, 49129, 2008);
INSERT INTO DISH (dish_id, dish_name, base_price, store_id, category_id) VALUES (30228, 'Chicken Rice Bowl', 1.50, 49129, 2011);
INSERT INTO DISH (dish_id, dish_name, base_price, store_id, category_id) VALUES (30229, 'Garden Salad', 6.99, 49129, 2012);
INSERT INTO DISH (dish_id, dish_name, base_price, store_id, category_id) VALUES (30230, 'Fried Shrimp', 9.99, 49129, 2014);
INSERT INTO DISH (dish_id, dish_name, base_price, store_id, category_id) VALUES (30231, 'French Toast', 6.64, 14719, 2002);
INSERT INTO DISH (dish_id, dish_name, base_price, store_id, category_id) VALUES (30232, 'Cafe Latte', 7.99, 14719, 2004);
INSERT INTO DISH (dish_id, dish_name, base_price, store_id, category_id) VALUES (30233, 'Cannoli Dessert', 6.64, 14719, 2005);
INSERT INTO DISH (dish_id, dish_name, base_price, store_id, category_id) VALUES (30234, 'Chef Recommendation', 6.15, 14719, 2006);
INSERT INTO DISH (dish_id, dish_name, base_price, store_id, category_id) VALUES (30235, 'Apple Juice', 6.64, 14719, 2007);
INSERT INTO DISH (dish_id, dish_name, base_price, store_id, category_id) VALUES (30236, 'Loaded Nachos', 8.64, 14719, 2008);
INSERT INTO DISH (dish_id, dish_name, base_price, store_id, category_id) VALUES (30237, 'Margherita Pizza', 6.64, 14719, 2010);
INSERT INTO DISH (dish_id, dish_name, base_price, store_id, category_id) VALUES (30238, 'Chicken Salad', 9.64, 14719, 2012);
INSERT INTO DISH (dish_id, dish_name, base_price, store_id, category_id) VALUES (30239, 'Steak Sandwich', 10.64, 14719, 2013);
INSERT INTO DISH (dish_id, dish_name, base_price, store_id, category_id) VALUES (30240, 'Banana Smoothie', 7.64, 14719, 2015);
INSERT INTO DISH (dish_id, dish_name, base_price, store_id, category_id) VALUES (30241, 'Nacho Platter', 11.50, 14706, 2001);
INSERT INTO DISH (dish_id, dish_name, base_price, store_id, category_id) VALUES (30242, 'Omelet Plate', 8.95, 14706, 2002);
INSERT INTO DISH (dish_id, dish_name, base_price, store_id, category_id) VALUES (30243, 'Chicken Sandwich', 16.50, 14706, 2003);
INSERT INTO DISH (dish_id, dish_name, base_price, store_id, category_id) VALUES (30244, 'Cappuccino Coffee', 40.95, 14706, 2004);
INSERT INTO DISH (dish_id, dish_name, base_price, store_id, category_id) VALUES (30245, 'Apple Pie Slice', 9.95, 14706, 2005);
INSERT INTO DISH (dish_id, dish_name, base_price, store_id, category_id) VALUES (30246, 'Popular Plate', 3.95, 14706, 2006);
INSERT INTO DISH (dish_id, dish_name, base_price, store_id, category_id) VALUES (30247, 'Fresh Lemonade', 2.95, 14706, 2007);
INSERT INTO DISH (dish_id, dish_name, base_price, store_id, category_id) VALUES (30248, 'Beef Rice Bowl', 22.95, 14706, 2011);
INSERT INTO DISH (dish_id, dish_name, base_price, store_id, category_id) VALUES (30249, 'Shrimp Salad', 9.50, 14706, 2012);
INSERT INTO DISH (dish_id, dish_name, base_price, store_id, category_id) VALUES (30250, 'Veggie Sandwich', 15.50, 14706, 2013);
INSERT INTO DISH (dish_id, dish_name, base_price, store_id, category_id) VALUES (30251, 'Garlic Bread', 7.95, 21675, 2001);
INSERT INTO DISH (dish_id, dish_name, base_price, store_id, category_id) VALUES (30252, 'Bagel with Cream Cheese', 14.95, 21675, 2002);
INSERT INTO DISH (dish_id, dish_name, base_price, store_id, category_id) VALUES (30253, 'Chicken Strips', 7.25, 21675, 2003);
INSERT INTO DISH (dish_id, dish_name, base_price, store_id, category_id) VALUES (30254, 'Chocolate Muffin', 15.95, 21675, 2005);
INSERT INTO DISH (dish_id, dish_name, base_price, store_id, category_id) VALUES (30255, 'Chef Plate', 8.95, 21675, 2006);
INSERT INTO DISH (dish_id, dish_name, base_price, store_id, category_id) VALUES (30256, 'Berry Juice', 1, 21675, 2007);
INSERT INTO DISH (dish_id, dish_name, base_price, store_id, category_id) VALUES (30257, 'Spicy Noodles', 1, 21675, 2009);
INSERT INTO DISH (dish_id, dish_name, base_price, store_id, category_id) VALUES (30258, 'Shrimp Rice Bowl', 8.95, 21675, 2011);
INSERT INTO DISH (dish_id, dish_name, base_price, store_id, category_id) VALUES (30259, 'Greek Salad', 10, 21675, 2012);
INSERT INTO DISH (dish_id, dish_name, base_price, store_id, category_id) VALUES (30260, 'Grilled Salmon', 8.95, 21675, 2014);
INSERT INTO DISH (dish_id, dish_name, base_price, store_id, category_id) VALUES (30261, 'Mozzarella Sticks', 12.99, 25666, 2001);
INSERT INTO DISH (dish_id, dish_name, base_price, store_id, category_id) VALUES (30262, 'Egg Sandwich', 12.99, 25666, 2002);
INSERT INTO DISH (dish_id, dish_name, base_price, store_id, category_id) VALUES (30263, 'Chicken Basket', 10.49, 25666, 2003);
INSERT INTO DISH (dish_id, dish_name, base_price, store_id, category_id) VALUES (30264, 'Espresso Coffee', 13.99, 25666, 2004);
INSERT INTO DISH (dish_id, dish_name, base_price, store_id, category_id) VALUES (30265, 'Sugar Cookie', 5.99, 25666, 2005);
INSERT INTO DISH (dish_id, dish_name, base_price, store_id, category_id) VALUES (30266, 'Signature Meal', 10.49, 25666, 2006);
INSERT INTO DISH (dish_id, dish_name, base_price, store_id, category_id) VALUES (30267, 'Meat Lovers Pizza', 7.99, 25666, 2010);
INSERT INTO DISH (dish_id, dish_name, base_price, store_id, category_id) VALUES (30268, 'Cobb Salad', 13, 25666, 2012);
INSERT INTO DISH (dish_id, dish_name, base_price, store_id, category_id) VALUES (30269, 'BLT Sandwich', 10.49, 25666, 2013);
INSERT INTO DISH (dish_id, dish_name, base_price, store_id, category_id) VALUES (30270, 'Fish and Fries', 17.99, 25666, 2014);
INSERT INTO DISH (dish_id, dish_name, base_price, store_id, category_id) VALUES (30271, 'Bacon Breakfast Sandwich', 13.45, 38782, 2002);
INSERT INTO DISH (dish_id, dish_name, base_price, store_id, category_id) VALUES (30272, 'Spicy Chicken', 13.45, 38782, 2003);
INSERT INTO DISH (dish_id, dish_name, base_price, store_id, category_id) VALUES (30273, 'Mocha Coffee', 2.45, 38782, 2004);
INSERT INTO DISH (dish_id, dish_name, base_price, store_id, category_id) VALUES (30274, 'Carrot Cake', 5.25, 38782, 2005);
INSERT INTO DISH (dish_id, dish_name, base_price, store_id, category_id) VALUES (30275, 'House Favorite', 7.25, 38782, 2006);
INSERT INTO DISH (dish_id, dish_name, base_price, store_id, category_id) VALUES (30276, 'Mango Juice', 3.45, 38782, 2007);
INSERT INTO DISH (dish_id, dish_name, base_price, store_id, category_id) VALUES (30277, 'Steak Taco', 7.25, 38782, 2008);
INSERT INTO DISH (dish_id, dish_name, base_price, store_id, category_id) VALUES (30278, 'Veggie Pizza', 17.45, 38782, 2010);
INSERT INTO DISH (dish_id, dish_name, base_price, store_id, category_id) VALUES (30279, 'Teriyaki Bowl', 4.45, 38782, 2011);
INSERT INTO DISH (dish_id, dish_name, base_price, store_id, category_id) VALUES (30280, 'Side Salad', 16.25, 38782, 2012);
INSERT INTO DISH (dish_id, dish_name, base_price, store_id, category_id) VALUES (30281, 'Fried Pickles', 6.50, 63182, 2001);
INSERT INTO DISH (dish_id, dish_name, base_price, store_id, category_id) VALUES (30282, 'Sausage Breakfast Sandwich', 15.75, 63182, 2002);
INSERT INTO DISH (dish_id, dish_name, base_price, store_id, category_id) VALUES (30283, 'BBQ Chicken', 7.75, 63182, 2003);
INSERT INTO DISH (dish_id, dish_name, base_price, store_id, category_id) VALUES (30284, 'Kitchen Plate', 8.50, 63182, 2006);
INSERT INTO DISH (dish_id, dish_name, base_price, store_id, category_id) VALUES (30285, 'Garlic Noodles', 5, 63182, 2009);
INSERT INTO DISH (dish_id, dish_name, base_price, store_id, category_id) VALUES (30286, 'Vegetable Rice Bowl', 2, 63182, 2011);
INSERT INTO DISH (dish_id, dish_name, base_price, store_id, category_id) VALUES (30287, 'House Salad', 10.95, 63182, 2012);
INSERT INTO DISH (dish_id, dish_name, base_price, store_id, category_id) VALUES (30288, 'Seafood Combo', 13.75, 63182, 2014);
INSERT INTO DISH (dish_id, dish_name, base_price, store_id, category_id) VALUES (30289, 'Soup of the Day', 4.95, 63182, 2016);
INSERT INTO DISH (dish_id, dish_name, base_price, store_id, category_id) VALUES (30290, 'Sushi Roll', 4.50, 63182, 2017);
INSERT INTO DISH (dish_id, dish_name, base_price, store_id, category_id) VALUES (30291, 'Onion Rings', 8.95, 10163, 2001);
INSERT INTO DISH (dish_id, dish_name, base_price, store_id, category_id) VALUES (30292, 'Breakfast Burrito', 10.50, 10163, 2002);
INSERT INTO DISH (dish_id, dish_name, base_price, store_id, category_id) VALUES (30293, 'Chicken Nuggets', 12.50, 10163, 2003);
INSERT INTO DISH (dish_id, dish_name, base_price, store_id, category_id) VALUES (30294, 'Chef Combo', 7.50, 10163, 2006);
INSERT INTO DISH (dish_id, dish_name, base_price, store_id, category_id) VALUES (30295, 'Shrimp Noodles', 6.50, 10163, 2009);
INSERT INTO DISH (dish_id, dish_name, base_price, store_id, category_id) VALUES (30296, 'Rice Bowl', 12.50, 10163, 2011);
INSERT INTO DISH (dish_id, dish_name, base_price, store_id, category_id) VALUES (30297, 'Caesar Salad', 3.50, 10163, 2012);
INSERT INTO DISH (dish_id, dish_name, base_price, store_id, category_id) VALUES (30298, 'Panini Sandwich', 12.50, 10163, 2013);
INSERT INTO DISH (dish_id, dish_name, base_price, store_id, category_id) VALUES (30299, 'Breaded Fish', 12.50, 10163, 2014);
INSERT INTO DISH (dish_id, dish_name, base_price, store_id, category_id) VALUES (30300, 'Beef Soup', 9.50, 10163, 2016);
INSERT INTO DISH (dish_id, dish_name, base_price, store_id, category_id) VALUES (30301, 'Loaded Fries', 4.95, 26664, 2001);
INSERT INTO DISH (dish_id, dish_name, base_price, store_id, category_id) VALUES (30302, 'Pancake Stack', 12.95, 26664, 2002);
INSERT INTO DISH (dish_id, dish_name, base_price, store_id, category_id) VALUES (30303, 'Chicken Cutlet', 14.95, 26664, 2003);
INSERT INTO DISH (dish_id, dish_name, base_price, store_id, category_id) VALUES (30304, 'Featured Plate', 7.65, 26664, 2006);
INSERT INTO DISH (dish_id, dish_name, base_price, store_id, category_id) VALUES (30305, 'Vegetable Noodles', 11.95, 26664, 2009);
INSERT INTO DISH (dish_id, dish_name, base_price, store_id, category_id) VALUES (30306, 'Spicy Chicken Bowl', 12.45, 26664, 2011);
INSERT INTO DISH (dish_id, dish_name, base_price, store_id, category_id) VALUES (30307, 'Garden Salad', 13.95, 26664, 2012);
INSERT INTO DISH (dish_id, dish_name, base_price, store_id, category_id) VALUES (30308, 'Shrimp Basket', 13.95, 26664, 2014);
INSERT INTO DISH (dish_id, dish_name, base_price, store_id, category_id) VALUES (30309, 'Vegetable Soup', 10.95, 26664, 2016);
INSERT INTO DISH (dish_id, dish_name, base_price, store_id, category_id) VALUES (30310, 'Tempura Roll', 10.95, 26664, 2017);
INSERT INTO DISH (dish_id, dish_name, base_price, store_id, category_id) VALUES (30311, 'Chicken Bites', 9.99, 3159, 2001);
INSERT INTO DISH (dish_id, dish_name, base_price, store_id, category_id) VALUES (30312, 'Waffle Plate', 7.99, 3159, 2002);
INSERT INTO DISH (dish_id, dish_name, base_price, store_id, category_id) VALUES (30313, 'Buffalo Chicken', 10.99, 3159, 2003);
INSERT INTO DISH (dish_id, dish_name, base_price, store_id, category_id) VALUES (30314, 'Americano Coffee', 16.99, 3159, 2004);
INSERT INTO DISH (dish_id, dish_name, base_price, store_id, category_id) VALUES (30315, 'Ice Cream Sundae', 1.69, 3159, 2005);
INSERT INTO DISH (dish_id, dish_name, base_price, store_id, category_id) VALUES (30316, 'Chicken Noodles', 9.99, 3159, 2009);
INSERT INTO DISH (dish_id, dish_name, base_price, store_id, category_id) VALUES (30317, 'Steak Rice Bowl', 15.99, 3159, 2011);
INSERT INTO DISH (dish_id, dish_name, base_price, store_id, category_id) VALUES (30318, 'Garlic Shrimp', 9.99, 3159, 2014);
INSERT INTO DISH (dish_id, dish_name, base_price, store_id, category_id) VALUES (30319, 'Seafood Soup', 5.99, 3159, 2016);
INSERT INTO DISH (dish_id, dish_name, base_price, store_id, category_id) VALUES (30320, 'California Roll', 11.99, 3159, 2017);
INSERT INTO DISH (dish_id, dish_name, base_price, store_id, category_id) VALUES (30321, 'Stuffed Mushrooms', 5.50, 5946, 2001);
INSERT INTO DISH (dish_id, dish_name, base_price, store_id, category_id) VALUES (30322, 'Bacon and Eggs', 23.99, 5946, 2002);
INSERT INTO DISH (dish_id, dish_name, base_price, store_id, category_id) VALUES (30323, 'Chicken Parmesan', 12.99, 5946, 2003);
INSERT INTO DISH (dish_id, dish_name, base_price, store_id, category_id) VALUES (30324, 'Vanilla Latte', 18.99, 5946, 2004);
INSERT INTO DISH (dish_id, dish_name, base_price, store_id, category_id) VALUES (30325, 'Chocolate Cake', 4.99, 5946, 2005);
INSERT INTO DISH (dish_id, dish_name, base_price, store_id, category_id) VALUES (30326, 'Pineapple Juice', 2.99, 5946, 2007);
INSERT INTO DISH (dish_id, dish_name, base_price, store_id, category_id) VALUES (30327, 'Bean Burrito', 2.99, 5946, 2008);
INSERT INTO DISH (dish_id, dish_name, base_price, store_id, category_id) VALUES (30328, 'Chicken Rice Bowl', 23.99, 5946, 2011);
INSERT INTO DISH (dish_id, dish_name, base_price, store_id, category_id) VALUES (30329, 'Chicken Salad', 13.99, 5946, 2012);
INSERT INTO DISH (dish_id, dish_name, base_price, store_id, category_id) VALUES (30330, 'House Sandwich', 8.99, 5946, 2013);
INSERT INTO DISH (dish_id, dish_name, base_price, store_id, category_id) VALUES (30331, 'Sampler Platter', 8.99, 47334, 2001);
INSERT INTO DISH (dish_id, dish_name, base_price, store_id, category_id) VALUES (30332, 'Sausage and Eggs', 15.50, 47334, 2002);
INSERT INTO DISH (dish_id, dish_name, base_price, store_id, category_id) VALUES (30333, 'Cheesecake Slice', 7.99, 47334, 2005);
INSERT INTO DISH (dish_id, dish_name, base_price, store_id, category_id) VALUES (30334, 'Beef Noodles', 17.48, 47334, 2009);
INSERT INTO DISH (dish_id, dish_name, base_price, store_id, category_id) VALUES (30335, 'Beef Rice Bowl', 3, 47334, 2011);
INSERT INTO DISH (dish_id, dish_name, base_price, store_id, category_id) VALUES (30336, 'Shrimp Salad', 17.50, 47334, 2012);
INSERT INTO DISH (dish_id, dish_name, base_price, store_id, category_id) VALUES (30337, 'Shrimp Plate', 16.95, 47334, 2014);
INSERT INTO DISH (dish_id, dish_name, base_price, store_id, category_id) VALUES (30338, 'Creamy Soup', 12.99, 47334, 2016);
INSERT INTO DISH (dish_id, dish_name, base_price, store_id, category_id) VALUES (30339, 'Salmon Roll', 6.05, 47334, 2017);
INSERT INTO DISH (dish_id, dish_name, base_price, store_id, category_id) VALUES (30340, 'Milk Tea', 19.99, 47334, 2018);
INSERT INTO DISH (dish_id, dish_name, base_price, store_id, category_id) VALUES (30341, 'Breaded Cauliflower', 4.95, 49984, 2001);
INSERT INTO DISH (dish_id, dish_name, base_price, store_id, category_id) VALUES (30342, 'Breakfast Plate', 4.25, 49984, 2002);
INSERT INTO DISH (dish_id, dish_name, base_price, store_id, category_id) VALUES (30343, 'Grilled Chicken', 10.95, 49984, 2003);
INSERT INTO DISH (dish_id, dish_name, base_price, store_id, category_id) VALUES (30344, 'Chef Recommendation', 15.95, 49984, 2006);
INSERT INTO DISH (dish_id, dish_name, base_price, store_id, category_id) VALUES (30345, 'Greek Salad', 8.95, 49984, 2012);
INSERT INTO DISH (dish_id, dish_name, base_price, store_id, category_id) VALUES (30346, 'Salmon Plate', 13.95, 49984, 2014);
INSERT INTO DISH (dish_id, dish_name, base_price, store_id, category_id) VALUES (30347, 'Shrimp Roll', 8.95, 49984, 2017);
INSERT INTO DISH (dish_id, dish_name, base_price, store_id, category_id) VALUES (30348, 'Green Tea', 13.95, 49984, 2018);
INSERT INTO DISH (dish_id, dish_name, base_price, store_id, category_id) VALUES (30349, 'Shrimp Rice Bowl', 2.50, 49984, 2011);
INSERT INTO DISH (dish_id, dish_name, base_price, store_id, category_id) VALUES (30350, 'French Toast', 1.50, 49984, 2002);
INSERT INTO DISH (dish_id, dish_name, base_price, store_id, category_id) VALUES (30351, 'Fried Calamari', 5.50, 2977, 2001);
INSERT INTO DISH (dish_id, dish_name, base_price, store_id, category_id) VALUES (30352, 'Brownie Dessert', 4.50, 2977, 2005);
INSERT INTO DISH (dish_id, dish_name, base_price, store_id, category_id) VALUES (30353, 'Mushroom Pizza', 5.50, 2977, 2010);
INSERT INTO DISH (dish_id, dish_name, base_price, store_id, category_id) VALUES (30354, 'Cobb Salad', 19.95, 2977, 2012);
INSERT INTO DISH (dish_id, dish_name, base_price, store_id, category_id) VALUES (30355, 'Fish Fillet', 4.50, 2977, 2014);
INSERT INTO DISH (dish_id, dish_name, base_price, store_id, category_id) VALUES (30356, 'Chicken Soup', 13.95, 2977, 2016);
INSERT INTO DISH (dish_id, dish_name, base_price, store_id, category_id) VALUES (30357, 'Spicy Tuna Roll', 6.95, 2977, 2017);
INSERT INTO DISH (dish_id, dish_name, base_price, store_id, category_id) VALUES (30358, 'Black Tea', 20.95, 2977, 2018);
INSERT INTO DISH (dish_id, dish_name, base_price, store_id, category_id) VALUES (30359, 'Omelet Plate', 13.95, 2977, 2002);
INSERT INTO DISH (dish_id, dish_name, base_price, store_id, category_id) VALUES (30360, 'Chicken Tenders', 12.95, 2977, 2003);
INSERT INTO DISH (dish_id, dish_name, base_price, store_id, category_id) VALUES (30361, 'Cheese Bites', 11.50, 34889, 2001);
INSERT INTO DISH (dish_id, dish_name, base_price, store_id, category_id) VALUES (30362, 'Fried Chicken Plate', 9.20, 34889, 2003);
INSERT INTO DISH (dish_id, dish_name, base_price, store_id, category_id) VALUES (30363, 'Chocolate Cookie', 6.90, 34889, 2005);
INSERT INTO DISH (dish_id, dish_name, base_price, store_id, category_id) VALUES (30364, 'Seafood Plate', 2.30, 34889, 2014);
INSERT INTO DISH (dish_id, dish_name, base_price, store_id, category_id) VALUES (30365, 'Tomato Soup', 13.80, 34889, 2016);
INSERT INTO DISH (dish_id, dish_name, base_price, store_id, category_id) VALUES (30366, 'Avocado Roll', 13.80, 34889, 2017);
INSERT INTO DISH (dish_id, dish_name, base_price, store_id, category_id) VALUES (30367, 'Peach Tea', 20.65, 34889, 2018);
INSERT INTO DISH (dish_id, dish_name, base_price, store_id, category_id) VALUES (30368, 'Caramel Latte', 17.25, 34889, 2004);
INSERT INTO DISH (dish_id, dish_name, base_price, store_id, category_id) VALUES (30369, 'Noodle Bowl', 1.15, 34889, 2009);
INSERT INTO DISH (dish_id, dish_name, base_price, store_id, category_id) VALUES (30370, 'Popular Plate', 13.80, 34889, 2006);
INSERT INTO DISH (dish_id, dish_name, base_price, store_id, category_id) VALUES (30371, 'Bagel with Cream Cheese', 12.99, 11718, 2002);
INSERT INTO DISH (dish_id, dish_name, base_price, store_id, category_id) VALUES (30372, 'Cold Brew', 4.59, 11718, 2004);
INSERT INTO DISH (dish_id, dish_name, base_price, store_id, category_id) VALUES (30373, 'Vanilla Cupcake', 4.99, 11718, 2005);
INSERT INTO DISH (dish_id, dish_name, base_price, store_id, category_id) VALUES (30374, 'Fresh Juice', 1.95, 11718, 2007);
INSERT INTO DISH (dish_id, dish_name, base_price, store_id, category_id) VALUES (30375, 'Side Salad', 3.49, 11718, 2012);
INSERT INTO DISH (dish_id, dish_name, base_price, store_id, category_id) VALUES (30376, 'Turkey Sandwich', 12.99, 11718, 2013);
INSERT INTO DISH (dish_id, dish_name, base_price, store_id, category_id) VALUES (30377, 'Lemon Tea', 1.95, 11718, 2018);
INSERT INTO DISH (dish_id, dish_name, base_price, store_id, category_id) VALUES (30378, 'Egg Sandwich', 2.29, 11718, 2002);
INSERT INTO DISH (dish_id, dish_name, base_price, store_id, category_id) VALUES (30379, 'Bacon Breakfast Sandwich', 1.99, 11718, 2002);
INSERT INTO DISH (dish_id, dish_name, base_price, store_id, category_id) VALUES (30380, 'Sausage Breakfast Sandwich', 6.49, 11718, 2002);
INSERT INTO DISH (dish_id, dish_name, base_price, store_id, category_id) VALUES (30381, 'Nacho Platter', 13, 2288, 2001);
INSERT INTO DISH (dish_id, dish_name, base_price, store_id, category_id) VALUES (30382, 'Breakfast Burrito', 13.98, 2288, 2002);
INSERT INTO DISH (dish_id, dish_name, base_price, store_id, category_id) VALUES (30383, 'Chicken Sandwich', 5.46, 2288, 2003);
INSERT INTO DISH (dish_id, dish_name, base_price, store_id, category_id) VALUES (30384, 'Strawberry Cheesecake', 7.35, 2288, 2005);
INSERT INTO DISH (dish_id, dish_name, base_price, store_id, category_id) VALUES (30385, 'Chef Plate', 12.68, 2288, 2006);
INSERT INTO DISH (dish_id, dish_name, base_price, store_id, category_id) VALUES (30386, 'Taco Combo', 7.48, 2288, 2008);
INSERT INTO DISH (dish_id, dish_name, base_price, store_id, category_id) VALUES (30387, 'BBQ Chicken Pizza', 22.10, 2288, 2010);
INSERT INTO DISH (dish_id, dish_name, base_price, store_id, category_id) VALUES (30388, 'House Salad', 18.20, 2288, 2012);
INSERT INTO DISH (dish_id, dish_name, base_price, store_id, category_id) VALUES (30389, 'Ham Sandwich', 12.35, 2288, 2013);
INSERT INTO DISH (dish_id, dish_name, base_price, store_id, category_id) VALUES (30390, 'Crab Cake Plate', 20.80, 2288, 2014);
INSERT INTO DISH (dish_id, dish_name, base_price, store_id, category_id) VALUES (30391, 'Garlic Bread', 8.75, 26121, 2001);
INSERT INTO DISH (dish_id, dish_name, base_price, store_id, category_id) VALUES (30392, 'Pancake Stack', 15.95, 26121, 2002);
INSERT INTO DISH (dish_id, dish_name, base_price, store_id, category_id) VALUES (30393, 'Chicken Strips', 14.95, 26121, 2003);
INSERT INTO DISH (dish_id, dish_name, base_price, store_id, category_id) VALUES (30394, 'Hazelnut Coffee', 16.50, 26121, 2004);
INSERT INTO DISH (dish_id, dish_name, base_price, store_id, category_id) VALUES (30395, 'Cannoli Dessert', 0.20, 26121, 2005);
INSERT INTO DISH (dish_id, dish_name, base_price, store_id, category_id) VALUES (30396, 'Signature Meal', 21.95, 26121, 2006);
INSERT INTO DISH (dish_id, dish_name, base_price, store_id, category_id) VALUES (30397, 'Ramen Bowl', 0.75, 26121, 2009);
INSERT INTO DISH (dish_id, dish_name, base_price, store_id, category_id) VALUES (30398, 'Teriyaki Bowl', 15.95, 26121, 2011);
INSERT INTO DISH (dish_id, dish_name, base_price, store_id, category_id) VALUES (30399, 'Caesar Salad', 22.50, 26121, 2012);
INSERT INTO DISH (dish_id, dish_name, base_price, store_id, category_id) VALUES (30400, 'Fried Shrimp', 10.25, 26121, 2014);
INSERT INTO DISH (dish_id, dish_name, base_price, store_id, category_id) VALUES (30401, 'Mozzarella Sticks', 9.99, 7525, 2001);
INSERT INTO DISH (dish_id, dish_name, base_price, store_id, category_id) VALUES (30402, 'Chicken Basket', 8.99, 7525, 2003);
INSERT INTO DISH (dish_id, dish_name, base_price, store_id, category_id) VALUES (30403, 'House Favorite', 16.99, 7525, 2006);
INSERT INTO DISH (dish_id, dish_name, base_price, store_id, category_id) VALUES (30404, 'Fruit Punch', 4.99, 7525, 2007);
INSERT INTO DISH (dish_id, dish_name, base_price, store_id, category_id) VALUES (30405, 'Fajita Quesadilla', 18.99, 7525, 2008);
INSERT INTO DISH (dish_id, dish_name, base_price, store_id, category_id) VALUES (30406, 'Spicy Noodles', 8.99, 7525, 2009);
INSERT INTO DISH (dish_id, dish_name, base_price, store_id, category_id) VALUES (30407, 'Vegetable Rice Bowl', 15.99, 7525, 2011);
INSERT INTO DISH (dish_id, dish_name, base_price, store_id, category_id) VALUES (30408, 'Garden Salad', 19.99, 7525, 2012);
INSERT INTO DISH (dish_id, dish_name, base_price, store_id, category_id) VALUES (30409, 'Chicken Sandwich', 10.99, 7525, 2013);
INSERT INTO DISH (dish_id, dish_name, base_price, store_id, category_id) VALUES (30410, 'Grilled Salmon', 15.99, 7525, 2014);
INSERT INTO DISH (dish_id, dish_name, base_price, store_id, category_id) VALUES (30411, 'Fried Pickles', 7.95, 35292, 2001);
INSERT INTO DISH (dish_id, dish_name, base_price, store_id, category_id) VALUES (30412, 'Waffle Plate', 14.95, 35292, 2002);
INSERT INTO DISH (dish_id, dish_name, base_price, store_id, category_id) VALUES (30413, 'Spicy Chicken', 12.50, 35292, 2003);
INSERT INTO DISH (dish_id, dish_name, base_price, store_id, category_id) VALUES (30414, 'Apple Pie Slice', 13.50, 35292, 2005);
INSERT INTO DISH (dish_id, dish_name, base_price, store_id, category_id) VALUES (30415, 'Kitchen Plate', 11.50, 35292, 2006);
INSERT INTO DISH (dish_id, dish_name, base_price, store_id, category_id) VALUES (30416, 'Orange Juice', 1.95, 35292, 2007);
INSERT INTO DISH (dish_id, dish_name, base_price, store_id, category_id) VALUES (30417, 'Garlic Noodles', 12.25, 35292, 2009);
INSERT INTO DISH (dish_id, dish_name, base_price, store_id, category_id) VALUES (30418, 'Rice Bowl', 1.75, 35292, 2011);
INSERT INTO DISH (dish_id, dish_name, base_price, store_id, category_id) VALUES (30419, 'Chicken Salad', 15.95, 35292, 2012);
INSERT INTO DISH (dish_id, dish_name, base_price, store_id, category_id) VALUES (30420, 'Fish and Fries', 8.25, 35292, 2014);
INSERT INTO DISH (dish_id, dish_name, base_price, store_id, category_id) VALUES (30421, 'Onion Rings', 4.99, 58041, 2001);
INSERT INTO DISH (dish_id, dish_name, base_price, store_id, category_id) VALUES (30422, 'BBQ Chicken', 5.59, 58041, 2003);
INSERT INTO DISH (dish_id, dish_name, base_price, store_id, category_id) VALUES (30423, 'Chocolate Muffin', 1.99, 58041, 2005);
INSERT INTO DISH (dish_id, dish_name, base_price, store_id, category_id) VALUES (30424, 'Chef Combo', 6.99, 58041, 2006);
INSERT INTO DISH (dish_id, dish_name, base_price, store_id, category_id) VALUES (30425, 'Spicy Chicken Bowl', 5.49, 58041, 2011);
INSERT INTO DISH (dish_id, dish_name, base_price, store_id, category_id) VALUES (30426, 'Seafood Combo', 3.99, 58041, 2014);
INSERT INTO DISH (dish_id, dish_name, base_price, store_id, category_id) VALUES (30427, 'Noodle Soup', 6.49, 58041, 2016);
INSERT INTO DISH (dish_id, dish_name, base_price, store_id, category_id) VALUES (30428, 'Crab Roll', 1.49, 58041, 2017);
INSERT INTO DISH (dish_id, dish_name, base_price, store_id, category_id) VALUES (30429, 'House Tea', 4.25, 58041, 2018);
INSERT INTO DISH (dish_id, dish_name, base_price, store_id, category_id) VALUES (30430, 'Macchiato Coffee', 7.99, 58041, 2004);
INSERT INTO DISH (dish_id, dish_name, base_price, store_id, category_id) VALUES (30431, 'Loaded Fries', 14.99, 45024, 2001);
INSERT INTO DISH (dish_id, dish_name, base_price, store_id, category_id) VALUES (30432, 'Bacon and Eggs', 7.50, 45024, 2002);
INSERT INTO DISH (dish_id, dish_name, base_price, store_id, category_id) VALUES (30433, 'Chicken Nuggets', 17.95, 45024, 2003);
INSERT INTO DISH (dish_id, dish_name, base_price, store_id, category_id) VALUES (30434, 'Sugar Cookie', 5.50, 45024, 2005);
INSERT INTO DISH (dish_id, dish_name, base_price, store_id, category_id) VALUES (30435, 'Featured Plate', 2.75, 45024, 2006);
INSERT INTO DISH (dish_id, dish_name, base_price, store_id, category_id) VALUES (30436, 'Apple Juice', 2.99, 45024, 2007);
INSERT INTO DISH (dish_id, dish_name, base_price, store_id, category_id) VALUES (30437, 'Chicken Taco', 1.75, 45024, 2008);
INSERT INTO DISH (dish_id, dish_name, base_price, store_id, category_id) VALUES (30438, 'Steak Rice Bowl', 2.75, 45024, 2011);
INSERT INTO DISH (dish_id, dish_name, base_price, store_id, category_id) VALUES (30439, 'Shrimp Salad', 0.75, 45024, 2012);
INSERT INTO DISH (dish_id, dish_name, base_price, store_id, category_id) VALUES (30440, 'Breaded Fish', 4.25, 45024, 2014);
INSERT INTO DISH (dish_id, dish_name, base_price, store_id, category_id) VALUES (30441, 'Sausage and Eggs', 14, 47222, 2002);
INSERT INTO DISH (dish_id, dish_name, base_price, store_id, category_id) VALUES (30442, 'Chicken Cutlet', 13, 47222, 2003);
INSERT INTO DISH (dish_id, dish_name, base_price, store_id, category_id) VALUES (30443, 'House Coffee', 16, 47222, 2004);
INSERT INTO DISH (dish_id, dish_name, base_price, store_id, category_id) VALUES (30444, 'Carrot Cake', 6, 47222, 2005);
INSERT INTO DISH (dish_id, dish_name, base_price, store_id, category_id) VALUES (30445, 'Chef Recommendation', 28, 47222, 2006);
INSERT INTO DISH (dish_id, dish_name, base_price, store_id, category_id) VALUES (30446, 'Shrimp Noodles', 12, 47222, 2009);
INSERT INTO DISH (dish_id, dish_name, base_price, store_id, category_id) VALUES (30447, 'Greek Salad', 5, 47222, 2012);
INSERT INTO DISH (dish_id, dish_name, base_price, store_id, category_id) VALUES (30448, 'Shrimp Basket', 14, 47222, 2014);
INSERT INTO DISH (dish_id, dish_name, base_price, store_id, category_id) VALUES (30449, 'Sushi Roll', 12.50, 47222, 2017);
INSERT INTO DISH (dish_id, dish_name, base_price, store_id, category_id) VALUES (30450, 'Hot Tea', 35, 47222, 2018);
INSERT INTO DISH (dish_id, dish_name, base_price, store_id, category_id) VALUES (30451, 'Chicken Bites', 8, 13098, 2001);
INSERT INTO DISH (dish_id, dish_name, base_price, store_id, category_id) VALUES (30452, 'Breakfast Plate', 3.50, 13098, 2002);
INSERT INTO DISH (dish_id, dish_name, base_price, store_id, category_id) VALUES (30453, 'Buffalo Chicken', 9.50, 13098, 2003);
INSERT INTO DISH (dish_id, dish_name, base_price, store_id, category_id) VALUES (30454, 'Iced Coffee', 5.50, 13098, 2004);
INSERT INTO DISH (dish_id, dish_name, base_price, store_id, category_id) VALUES (30455, 'Ice Cream Sundae', 26, 13098, 2005);
INSERT INTO DISH (dish_id, dish_name, base_price, store_id, category_id) VALUES (30456, 'Fresh Lemonade', 3.50, 13098, 2007);
INSERT INTO DISH (dish_id, dish_name, base_price, store_id, category_id) VALUES (30457, 'Vegetable Noodles', 10, 13098, 2009);
INSERT INTO DISH (dish_id, dish_name, base_price, store_id, category_id) VALUES (30458, 'Chicken Rice Bowl', 11, 13098, 2011);
INSERT INTO DISH (dish_id, dish_name, base_price, store_id, category_id) VALUES (30459, 'Cobb Salad', 15, 13098, 2012);
INSERT INTO DISH (dish_id, dish_name, base_price, store_id, category_id) VALUES (30460, 'Garlic Shrimp', 10, 13098, 2014);
INSERT INTO DISH (dish_id, dish_name, base_price, store_id, category_id) VALUES (30461, 'Stuffed Mushrooms', 12.50, 20326, 2001);
INSERT INTO DISH (dish_id, dish_name, base_price, store_id, category_id) VALUES (30462, 'Chicken Parmesan', 14.90, 20326, 2003);
INSERT INTO DISH (dish_id, dish_name, base_price, store_id, category_id) VALUES (30463, 'Popular Plate', 29.75, 20326, 2006);
INSERT INTO DISH (dish_id, dish_name, base_price, store_id, category_id) VALUES (30464, 'Chicken Noodles', 14.95, 20326, 2009);
INSERT INTO DISH (dish_id, dish_name, base_price, store_id, category_id) VALUES (30465, 'Side Salad', 10.95, 20326, 2012);
INSERT INTO DISH (dish_id, dish_name, base_price, store_id, category_id) VALUES (30466, 'Shrimp Plate', 5.95, 20326, 2014);
INSERT INTO DISH (dish_id, dish_name, base_price, store_id, category_id) VALUES (30467, 'Soup of the Day', 6.50, 20326, 2016);
INSERT INTO DISH (dish_id, dish_name, base_price, store_id, category_id) VALUES (30468, 'Tempura Roll', 5.50, 20326, 2017);
INSERT INTO DISH (dish_id, dish_name, base_price, store_id, category_id) VALUES (30469, 'Iced Tea', 7.75, 20326, 2018);
INSERT INTO DISH (dish_id, dish_name, base_price, store_id, category_id) VALUES (30470, 'Chocolate Cake', 7.75, 20326, 2005);
INSERT INTO DISH (dish_id, dish_name, base_price, store_id, category_id) VALUES (30471, 'Sampler Platter', 4.50, 42907, 2001);
INSERT INTO DISH (dish_id, dish_name, base_price, store_id, category_id) VALUES (30472, 'French Toast', 7.99, 42907, 2002);
INSERT INTO DISH (dish_id, dish_name, base_price, store_id, category_id) VALUES (30473, 'Grilled Chicken', 10.15, 42907, 2003);
INSERT INTO DISH (dish_id, dish_name, base_price, store_id, category_id) VALUES (30474, 'Cafe Latte', 2.75, 42907, 2004);
INSERT INTO DISH (dish_id, dish_name, base_price, store_id, category_id) VALUES (30475, 'Cheesecake Slice', 10.95, 42907, 2005);
INSERT INTO DISH (dish_id, dish_name, base_price, store_id, category_id) VALUES (30476, 'Chef Plate', 7.99, 42907, 2006);
INSERT INTO DISH (dish_id, dish_name, base_price, store_id, category_id) VALUES (30477, 'Beef Noodles', 10.75, 42907, 2009);
INSERT INTO DISH (dish_id, dish_name, base_price, store_id, category_id) VALUES (30478, 'Beef Rice Bowl', 10.75, 42907, 2011);
INSERT INTO DISH (dish_id, dish_name, base_price, store_id, category_id) VALUES (30479, 'Salmon Plate', 11.25, 42907, 2014);
INSERT INTO DISH (dish_id, dish_name, base_price, store_id, category_id) VALUES (30480, 'Strawberry Smoothie', 4, 42907, 2015);
INSERT INTO DISH (dish_id, dish_name, base_price, store_id, category_id) VALUES (30481, 'Breaded Cauliflower', 4.50, 43001, 2001);
INSERT INTO DISH (dish_id, dish_name, base_price, store_id, category_id) VALUES (30482, 'Omelet Plate', 7.99, 43001, 2002);
INSERT INTO DISH (dish_id, dish_name, base_price, store_id, category_id) VALUES (30483, 'Chicken Tenders', 10.15, 43001, 2003);
INSERT INTO DISH (dish_id, dish_name, base_price, store_id, category_id) VALUES (30484, 'Cappuccino Coffee', 2.75, 43001, 2004);
INSERT INTO DISH (dish_id, dish_name, base_price, store_id, category_id) VALUES (30485, 'Brownie Dessert', 10.95, 43001, 2005);
INSERT INTO DISH (dish_id, dish_name, base_price, store_id, category_id) VALUES (30486, 'Signature Meal', 7.99, 43001, 2006);
INSERT INTO DISH (dish_id, dish_name, base_price, store_id, category_id) VALUES (30487, 'Noodle Bowl', 10.75, 43001, 2009);
INSERT INTO DISH (dish_id, dish_name, base_price, store_id, category_id) VALUES (30488, 'Shrimp Rice Bowl', 10.75, 43001, 2011);
INSERT INTO DISH (dish_id, dish_name, base_price, store_id, category_id) VALUES (30489, 'Fish Fillet', 11.25, 43001, 2014);
INSERT INTO DISH (dish_id, dish_name, base_price, store_id, category_id) VALUES (30490, 'Fruit Smoothie', 4, 43001, 2015);
INSERT INTO DISH (dish_id, dish_name, base_price, store_id, category_id) VALUES (30491, 'Fried Calamari', 9.95, 3114, 2001);
INSERT INTO DISH (dish_id, dish_name, base_price, store_id, category_id) VALUES (30492, 'Bagel with Cream Cheese', 17.95, 3114, 2002);
INSERT INTO DISH (dish_id, dish_name, base_price, store_id, category_id) VALUES (30493, 'Fried Chicken Plate', 6.50, 3114, 2003);
INSERT INTO DISH (dish_id, dish_name, base_price, store_id, category_id) VALUES (30494, 'Espresso Coffee', 25.95, 3114, 2004);
INSERT INTO DISH (dish_id, dish_name, base_price, store_id, category_id) VALUES (30495, 'Chocolate Cookie', 5.99, 3114, 2005);
INSERT INTO DISH (dish_id, dish_name, base_price, store_id, category_id) VALUES (30496, 'House Favorite', 22.95, 3114, 2006);
INSERT INTO DISH (dish_id, dish_name, base_price, store_id, category_id) VALUES (30497, 'Berry Juice', 3.95, 3114, 2007);
INSERT INTO DISH (dish_id, dish_name, base_price, store_id, category_id) VALUES (30498, 'Ramen Bowl', 12.95, 3114, 2009);
INSERT INTO DISH (dish_id, dish_name, base_price, store_id, category_id) VALUES (30499, 'Teriyaki Bowl', 1, 3114, 2011);
INSERT INTO DISH (dish_id, dish_name, base_price, store_id, category_id) VALUES (30500, 'House Salad', 6.95, 3114, 2012);
INSERT INTO DISH (dish_id, dish_name, base_price, store_id, category_id) VALUES (30501, 'Cheese Bites', 6.99, 8612, 2001);
INSERT INTO DISH (dish_id, dish_name, base_price, store_id, category_id) VALUES (30502, 'Egg Sandwich', 11.99, 8612, 2002);
INSERT INTO DISH (dish_id, dish_name, base_price, store_id, category_id) VALUES (30503, 'Chicken Sandwich', 55, 8612, 2003);
INSERT INTO DISH (dish_id, dish_name, base_price, store_id, category_id) VALUES (30504, 'Vanilla Cupcake', 13.99, 8612, 2005);
INSERT INTO DISH (dish_id, dish_name, base_price, store_id, category_id) VALUES (30505, 'Kitchen Plate', 14.99, 8612, 2006);
INSERT INTO DISH (dish_id, dish_name, base_price, store_id, category_id) VALUES (30506, 'Spicy Noodles', 10, 8612, 2009);
INSERT INTO DISH (dish_id, dish_name, base_price, store_id, category_id) VALUES (30507, 'Vegetable Rice Bowl', 15.99, 8612, 2011);
INSERT INTO DISH (dish_id, dish_name, base_price, store_id, category_id) VALUES (30508, 'Seafood Plate', 13.99, 8612, 2014);
INSERT INTO DISH (dish_id, dish_name, base_price, store_id, category_id) VALUES (30509, 'Beef Soup', 4.99, 8612, 2016);
INSERT INTO DISH (dish_id, dish_name, base_price, store_id, category_id) VALUES (30510, 'Milk Tea', 12.49, 8612, 2018);
INSERT INTO DISH (dish_id, dish_name, base_price, store_id, category_id) VALUES (30511, 'Nacho Platter', 7.99, 30875, 2001);
INSERT INTO DISH (dish_id, dish_name, base_price, store_id, category_id) VALUES (30512, 'Bacon Breakfast Sandwich', 5.99, 30875, 2002);
INSERT INTO DISH (dish_id, dish_name, base_price, store_id, category_id) VALUES (30513, 'Strawberry Cheesecake', 5.99, 30875, 2005);
INSERT INTO DISH (dish_id, dish_name, base_price, store_id, category_id) VALUES (30514, 'Caesar Salad', 4.99, 30875, 2012);
INSERT INTO DISH (dish_id, dish_name, base_price, store_id, category_id) VALUES (30515, 'Crab Cake Plate', 11.99, 30875, 2014);
INSERT INTO DISH (dish_id, dish_name, base_price, store_id, category_id) VALUES (30516, 'Vegetable Soup', 1.99, 30875, 2016);
INSERT INTO DISH (dish_id, dish_name, base_price, store_id, category_id) VALUES (30517, 'Green Tea', 0.99, 30875, 2018);
INSERT INTO DISH (dish_id, dish_name, base_price, store_id, category_id) VALUES (30518, 'Mango Juice', 2.99, 30875, 2007);
INSERT INTO DISH (dish_id, dish_name, base_price, store_id, category_id) VALUES (30519, 'Garlic Bread', 10.99, 30875, 2001);
INSERT INTO DISH (dish_id, dish_name, base_price, store_id, category_id) VALUES (30520, 'Mozzarella Sticks', 8.99, 30875, 2001);
INSERT INTO DISH (dish_id, dish_name, base_price, store_id, category_id) VALUES (30521, 'Fried Pickles', 9.99, 61932, 2001);
INSERT INTO DISH (dish_id, dish_name, base_price, store_id, category_id) VALUES (30522, 'Chicken Strips', 8.99, 61932, 2003);
INSERT INTO DISH (dish_id, dish_name, base_price, store_id, category_id) VALUES (30523, 'Chef Combo', 14.99, 61932, 2006);
INSERT INTO DISH (dish_id, dish_name, base_price, store_id, category_id) VALUES (30524, 'Pineapple Juice', 3.25, 61932, 2007);
INSERT INTO DISH (dish_id, dish_name, base_price, store_id, category_id) VALUES (30525, 'Garlic Noodles', 3.50, 61932, 2009);
INSERT INTO DISH (dish_id, dish_name, base_price, store_id, category_id) VALUES (30526, 'Rice Bowl', 3.50, 61932, 2011);
INSERT INTO DISH (dish_id, dish_name, base_price, store_id, category_id) VALUES (30527, 'Garden Salad', 19.99, 61932, 2012);
INSERT INTO DISH (dish_id, dish_name, base_price, store_id, category_id) VALUES (30528, 'Fried Shrimp', 12.99, 61932, 2014);
INSERT INTO DISH (dish_id, dish_name, base_price, store_id, category_id) VALUES (30529, 'Seafood Soup', 2.99, 61932, 2016);
INSERT INTO DISH (dish_id, dish_name, base_price, store_id, category_id) VALUES (30530, 'California Roll', 9.99, 61932, 2017);
INSERT INTO DISH (dish_id, dish_name, base_price, store_id, category_id) VALUES (30531, 'Sausage Breakfast Sandwich', 4.50, 28562, 2002);
INSERT INTO DISH (dish_id, dish_name, base_price, store_id, category_id) VALUES (30532, 'Chicken Basket', 8.25, 28562, 2003);
INSERT INTO DISH (dish_id, dish_name, base_price, store_id, category_id) VALUES (30533, 'Mocha Coffee', 11.25, 28562, 2004);
INSERT INTO DISH (dish_id, dish_name, base_price, store_id, category_id) VALUES (30534, 'Featured Plate', 9.50, 28562, 2006);
INSERT INTO DISH (dish_id, dish_name, base_price, store_id, category_id) VALUES (30535, 'Spicy Chicken Bowl', 8.25, 28562, 2011);
INSERT INTO DISH (dish_id, dish_name, base_price, store_id, category_id) VALUES (30536, 'Chicken Salad', 8.25, 28562, 2012);
INSERT INTO DISH (dish_id, dish_name, base_price, store_id, category_id) VALUES (30537, 'Grilled Cheese Sandwich', 9.50, 28562, 2013);
INSERT INTO DISH (dish_id, dish_name, base_price, store_id, category_id) VALUES (30538, 'Grilled Salmon', 9.50, 28562, 2014);
INSERT INTO DISH (dish_id, dish_name, base_price, store_id, category_id) VALUES (30539, 'Creamy Soup', 4.50, 28562, 2016);
INSERT INTO DISH (dish_id, dish_name, base_price, store_id, category_id) VALUES (30540, 'Black Tea', 9.50, 28562, 2018);
INSERT INTO DISH (dish_id, dish_name, base_price, store_id, category_id) VALUES (30541, 'Breakfast Burrito', 7.50, 60871, 2002);
INSERT INTO DISH (dish_id, dish_name, base_price, store_id, category_id) VALUES (30542, 'Americano Coffee', 3.50, 60871, 2004);
INSERT INTO DISH (dish_id, dish_name, base_price, store_id, category_id) VALUES (30543, 'Cannoli Dessert', 6.40, 60871, 2005);
INSERT INTO DISH (dish_id, dish_name, base_price, store_id, category_id) VALUES (30544, 'Chef Recommendation', 8, 60871, 2006);
INSERT INTO DISH (dish_id, dish_name, base_price, store_id, category_id) VALUES (30545, 'Fresh Juice', 1.50, 60871, 2007);
INSERT INTO DISH (dish_id, dish_name, base_price, store_id, category_id) VALUES (30546, 'Shrimp Salad', 9.90, 60871, 2012);
INSERT INTO DISH (dish_id, dish_name, base_price, store_id, category_id) VALUES (30547, 'Italian Sandwich', 2, 60871, 2013);
INSERT INTO DISH (dish_id, dish_name, base_price, store_id, category_id) VALUES (30548, 'Peach Tea', 4, 60871, 2018);
INSERT INTO DISH (dish_id, dish_name, base_price, store_id, category_id) VALUES (30549, 'Pancake Stack', 6, 60871, 2002);
INSERT INTO DISH (dish_id, dish_name, base_price, store_id, category_id) VALUES (30550, 'Waffle Plate', 10.50, 60871, 2002);